{
  "ConceptSets": [
    {
      "id": 0,
      "name": "[OCOH] - cholesterol measurement",
      "expression": {
        "items": [
          {
            "concept": {
              "CONCEPT_ID": 4299360,
              "CONCEPT_NAME": "Cholesterol measurement",
              "STANDARD_CONCEPT": "S",
              "STANDARD_CONCEPT_CAPTION": "Standard",
              "INVALID_REASON": "V",
              "INVALID_REASON_CAPTION": "Valid",
              "CONCEPT_CODE": "77068002",
              "DOMAIN_ID": "Measurement",
              "VOCABULARY_ID": "SNOMED",
              "CONCEPT_CLASS_ID": "Procedure"
            },
            "includeDescendants": true
          }
        ]
      }
    },
    {
      "id": 1,
      "name": "[OCOH] gender identity disorder",
      "expression": {
        "items": [
          {
            "concept": {
              "CONCEPT_ID": 4338512,
              "CONCEPT_NAME": "Gender identity disorder",
              "STANDARD_CONCEPT": "S",
              "STANDARD_CONCEPT_CAPTION": "Standard",
              "INVALID_REASON": "V",
              "INVALID_REASON_CAPTION": "Valid",
              "CONCEPT_CODE": "87991007",
              "DOMAIN_ID": "Condition",
              "VOCABULARY_ID": "SNOMED",
              "CONCEPT_CLASS_ID": "Clinical Finding"
            },
            "includeDescendants": true
          }
        ]
      }
    },
    {
      "id": 2,
      "name": "[OCOH] transgender - condition",
      "expression": {
        "items": [
          {
            "concept": {
              "CONCEPT_ID": 45613639,
              "CONCEPT_NAME": "Transgendered Persons",
              "STANDARD_CONCEPT": "N",
              "STANDARD_CONCEPT_CAPTION": "Non-Standard",
              "INVALID_REASON": "D",
              "INVALID_REASON_CAPTION": "Invalid",
              "CONCEPT_CODE": "D063106",
              "DOMAIN_ID": "Condition",
              "VOCABULARY_ID": "MeSH",
              "CONCEPT_CLASS_ID": "Condition"
            },
            "includeDescendants": true
          },
          {
            "concept": {
              "CONCEPT_ID": 4231241,
              "CONCEPT_NAME": "Transsexual",
              "STANDARD_CONCEPT": "S",
              "STANDARD_CONCEPT_CAPTION": "Standard",
              "INVALID_REASON": "V",
              "INVALID_REASON_CAPTION": "Valid",
              "CONCEPT_CODE": "407374003",
              "DOMAIN_ID": "Condition",
              "VOCABULARY_ID": "SNOMED",
              "CONCEPT_CLASS_ID": "Clinical Finding"
            },
            "includeDescendants": true
          },
          {
            "concept": {
              "CONCEPT_ID": 37200330,
              "CONCEPT_NAME": "Transsexualism",
              "STANDARD_CONCEPT": "N",
              "STANDARD_CONCEPT_CAPTION": "Non-Standard",
              "INVALID_REASON": "V",
              "INVALID_REASON_CAPTION": "Valid",
              "CONCEPT_CODE": "F64.0",
              "DOMAIN_ID": "Condition",
              "VOCABULARY_ID": "ICD10CM",
              "CONCEPT_CLASS_ID": "4-char billing code"
            },
            "includeDescendants": true
          }
        ]
      }
    }
  ],
  "PrimaryCriteria": {
    "CriteriaList": [
      {
        "Measurement": {
          "CodesetId": 0
        }
      }
    ],
    "ObservationWindow": {
      "PriorDays": 0,
      "PostDays": 0
    },
    "PrimaryCriteriaLimit": {
      "Type": "All"
    }
  },
  "QualifiedLimit": {
    "Type": "First"
  },
  "ExpressionLimit": {
    "Type": "First"
  },
  "InclusionRules": [
    {
      "name": "gender identity disorder or transgender",
      "expression": {
        "Type": "ANY",
        "CriteriaList": [
          {
            "Criteria": {
              "ConditionOccurrence": {
                "CodesetId": 1
              }
            },
            "StartWindow": {
              "Start": {
                "Coeff": -1
              },
              "End": {
                "Coeff": 1
              },
              "UseEventEnd": false
            },
            "Occurrence": {
              "Type": 2,
              "Count": 1
            }
          },
          {
            "Criteria": {
              "ConditionOccurrence": {
                "CodesetId": 2
              }
            },
            "StartWindow": {
              "Start": {
                "Coeff": -1
              },
              "End": {
                "Coeff": 1
              },
              "UseEventEnd": false
            },
            "Occurrence": {
              "Type": 2,
              "Count": 1
            }
          }
        ],
        "DemographicCriteriaList": [],
        "Groups": []
      }
    }
  ],
  "EndStrategy": {
    "DateOffset": {
      "DateField": "StartDate",
      "Offset": 1
    }
  },
  "CensoringCriteria": [],
  "CollapseSettings": {
    "CollapseType": "ERA",
    "EraPad": 0
  },
  "CensorWindow": {},
  "cdmVersionRange": ">=5.0.0"
}