{
  "ConceptSets": [
    {
      "id": 0,
      "name": "[OCOH] ischemic stroke - condition",
      "expression": {
        "items": [
          {
            "concept": {
              "CONCEPT_ID": 372924,
              "CONCEPT_NAME": "Cerebral artery occlusion",
              "STANDARD_CONCEPT": "S",
              "STANDARD_CONCEPT_CAPTION": "Standard",
              "INVALID_REASON": "V",
              "INVALID_REASON_CAPTION": "Valid",
              "CONCEPT_CODE": "20059004",
              "DOMAIN_ID": "Condition",
              "VOCABULARY_ID": "SNOMED",
              "CONCEPT_CLASS_ID": "Clinical Finding"
            },
            "includeDescendants": true
          },
          {
            "concept": {
              "CONCEPT_ID": 375557,
              "CONCEPT_NAME": "Cerebral embolism",
              "STANDARD_CONCEPT": "S",
              "STANDARD_CONCEPT_CAPTION": "Standard",
              "INVALID_REASON": "V",
              "INVALID_REASON_CAPTION": "Valid",
              "CONCEPT_CODE": "75543006",
              "DOMAIN_ID": "Condition",
              "VOCABULARY_ID": "SNOMED",
              "CONCEPT_CLASS_ID": "Clinical Finding"
            },
            "includeDescendants": true
          },
          {
            "concept": {
              "CONCEPT_ID": 443454,
              "CONCEPT_NAME": "Cerebral infarction",
              "STANDARD_CONCEPT": "S",
              "STANDARD_CONCEPT_CAPTION": "Standard",
              "INVALID_REASON": "V",
              "INVALID_REASON_CAPTION": "Valid",
              "CONCEPT_CODE": "432504007",
              "DOMAIN_ID": "Condition",
              "VOCABULARY_ID": "SNOMED",
              "CONCEPT_CLASS_ID": "Clinical Finding"
            },
            "includeDescendants": true
          },
          {
            "concept": {
              "CONCEPT_ID": 441874,
              "CONCEPT_NAME": "Cerebral thrombosis",
              "STANDARD_CONCEPT": "S",
              "STANDARD_CONCEPT_CAPTION": "Standard",
              "INVALID_REASON": "V",
              "INVALID_REASON_CAPTION": "Valid",
              "CONCEPT_CODE": "71444005",
              "DOMAIN_ID": "Condition",
              "VOCABULARY_ID": "SNOMED",
              "CONCEPT_CLASS_ID": "Clinical Finding"
            },
            "includeDescendants": true
          }
        ]
      }
    },
    {
      "id": 2,
      "name": "[OCOH] gender identity disorder",
      "expression": {
        "items": [
          {
            "concept": {
              "CONCEPT_ID": 4338512,
              "CONCEPT_NAME": "Gender identity disorder",
              "STANDARD_CONCEPT": "S",
              "STANDARD_CONCEPT_CAPTION": "Standard",
              "INVALID_REASON": "V",
              "INVALID_REASON_CAPTION": "Valid",
              "CONCEPT_CODE": "87991007",
              "DOMAIN_ID": "Condition",
              "VOCABULARY_ID": "SNOMED",
              "CONCEPT_CLASS_ID": "Clinical Finding"
            },
            "includeDescendants": true
          },
          {
            "concept": {
              "CONCEPT_ID": 35207226,
              "CONCEPT_NAME": "Gender identity disorder of childhood",
              "STANDARD_CONCEPT": "N",
              "STANDARD_CONCEPT_CAPTION": "Non-Standard",
              "INVALID_REASON": "V",
              "INVALID_REASON_CAPTION": "Valid",
              "CONCEPT_CODE": "F64.2",
              "DOMAIN_ID": "Condition",
              "VOCABULARY_ID": "ICD10CM",
              "CONCEPT_CLASS_ID": "4-char billing code"
            },
            "includeDescendants": true
          },
          {
            "concept": {
              "CONCEPT_ID": 35207228,
              "CONCEPT_NAME": "Gender identity disorder, unspecified",
              "STANDARD_CONCEPT": "N",
              "STANDARD_CONCEPT_CAPTION": "Non-Standard",
              "INVALID_REASON": "V",
              "INVALID_REASON_CAPTION": "Valid",
              "CONCEPT_CODE": "F64.9",
              "DOMAIN_ID": "Condition",
              "VOCABULARY_ID": "ICD10CM",
              "CONCEPT_CLASS_ID": "4-char billing code"
            },
            "includeDescendants": true
          },
          {
            "concept": {
              "CONCEPT_ID": 35207227,
              "CONCEPT_NAME": "Other gender identity disorders",
              "STANDARD_CONCEPT": "N",
              "STANDARD_CONCEPT_CAPTION": "Non-Standard",
              "INVALID_REASON": "V",
              "INVALID_REASON_CAPTION": "Valid",
              "CONCEPT_CODE": "F64.8",
              "DOMAIN_ID": "Condition",
              "VOCABULARY_ID": "ICD10CM",
              "CONCEPT_CLASS_ID": "4-char billing code"
            },
            "includeDescendants": true
          }
        ]
      }
    },
    {
      "id": 3,
      "name": "[OCOH] transgender - condition",
      "expression": {
        "items": [
          {
            "concept": {
              "CONCEPT_ID": 45613639,
              "CONCEPT_NAME": "Transgendered Persons",
              "STANDARD_CONCEPT": "N",
              "STANDARD_CONCEPT_CAPTION": "Non-Standard",
              "INVALID_REASON": "D",
              "INVALID_REASON_CAPTION": "Invalid",
              "CONCEPT_CODE": "D063106",
              "DOMAIN_ID": "Condition",
              "VOCABULARY_ID": "MeSH",
              "CONCEPT_CLASS_ID": "Condition"
            },
            "includeDescendants": true
          },
          {
            "concept": {
              "CONCEPT_ID": 4231241,
              "CONCEPT_NAME": "Transsexual",
              "STANDARD_CONCEPT": "S",
              "STANDARD_CONCEPT_CAPTION": "Standard",
              "INVALID_REASON": "V",
              "INVALID_REASON_CAPTION": "Valid",
              "CONCEPT_CODE": "407374003",
              "DOMAIN_ID": "Condition",
              "VOCABULARY_ID": "SNOMED",
              "CONCEPT_CLASS_ID": "Clinical Finding"
            },
            "includeDescendants": true
          },
          {
            "concept": {
              "CONCEPT_ID": 37200330,
              "CONCEPT_NAME": "Transsexualism",
              "STANDARD_CONCEPT": "N",
              "STANDARD_CONCEPT_CAPTION": "Non-Standard",
              "INVALID_REASON": "V",
              "INVALID_REASON_CAPTION": "Valid",
              "CONCEPT_CODE": "F64.0",
              "DOMAIN_ID": "Condition",
              "VOCABULARY_ID": "ICD10CM",
              "CONCEPT_CLASS_ID": "4-char billing code"
            },
            "includeDescendants": true
          }
        ]
      }
    }
  ],
  "PrimaryCriteria": {
    "CriteriaList": [
      {
        "ConditionOccurrence": {
          "CodesetId": 0
        }
      }
    ],
    "ObservationWindow": {
      "PriorDays": 0,
      "PostDays": 0
    },
    "PrimaryCriteriaLimit": {
      "Type": "First"
    }
  },
  "QualifiedLimit": {
    "Type": "First"
  },
  "ExpressionLimit": {
    "Type": "First"
  },
  "InclusionRules": [
    {
      "name": "gender identity disorder or transgender",
      "expression": {
        "Type": "ANY",
        "CriteriaList": [
          {
            "Criteria": {
              "ConditionOccurrence": {
                "CodesetId": 2
              }
            },
            "StartWindow": {
              "Start": {
                "Coeff": -1
              },
              "End": {
                "Coeff": 1
              },
              "UseEventEnd": false
            },
            "Occurrence": {
              "Type": 2,
              "Count": 1
            }
          },
          {
            "Criteria": {
              "ConditionOccurrence": {
                "CodesetId": 3
              }
            },
            "StartWindow": {
              "Start": {
                "Coeff": -1
              },
              "End": {
                "Coeff": 1
              },
              "UseEventEnd": false
            },
            "Occurrence": {
              "Type": 2,
              "Count": 1
            }
          }
        ],
        "DemographicCriteriaList": [],
        "Groups": []
      }
    }
  ],
  "CensoringCriteria": [],
  "CollapseSettings": {
    "CollapseType": "ERA",
    "EraPad": 0
  },
  "CensorWindow": {},
  "cdmVersionRange": ">=5.0.0"
}