{
  "ConceptSets": [
    {
      "id": 2,
      "name": "[OCOH] gender identity disorder",
      "expression": {
        "items": [
          {
            "concept": {
              "CONCEPT_ID": 4338512,
              "CONCEPT_NAME": "Gender identity disorder",
              "STANDARD_CONCEPT": "S",
              "STANDARD_CONCEPT_CAPTION": "Standard",
              "INVALID_REASON": "V",
              "INVALID_REASON_CAPTION": "Valid",
              "CONCEPT_CODE": "87991007",
              "DOMAIN_ID": "Condition",
              "VOCABULARY_ID": "SNOMED",
              "CONCEPT_CLASS_ID": "Clinical Finding"
            },
            "includeDescendants": true
          },
          {
            "concept": {
              "CONCEPT_ID": 35207226,
              "CONCEPT_NAME": "Gender identity disorder of childhood",
              "STANDARD_CONCEPT": "N",
              "STANDARD_CONCEPT_CAPTION": "Non-Standard",
              "INVALID_REASON": "V",
              "INVALID_REASON_CAPTION": "Valid",
              "CONCEPT_CODE": "F64.2",
              "DOMAIN_ID": "Condition",
              "VOCABULARY_ID": "ICD10CM",
              "CONCEPT_CLASS_ID": "4-char billing code"
            },
            "includeDescendants": true
          },
          {
            "concept": {
              "CONCEPT_ID": 35207228,
              "CONCEPT_NAME": "Gender identity disorder, unspecified",
              "STANDARD_CONCEPT": "N",
              "STANDARD_CONCEPT_CAPTION": "Non-Standard",
              "INVALID_REASON": "V",
              "INVALID_REASON_CAPTION": "Valid",
              "CONCEPT_CODE": "F64.9",
              "DOMAIN_ID": "Condition",
              "VOCABULARY_ID": "ICD10CM",
              "CONCEPT_CLASS_ID": "4-char billing code"
            },
            "includeDescendants": true
          },
          {
            "concept": {
              "CONCEPT_ID": 35207227,
              "CONCEPT_NAME": "Other gender identity disorders",
              "STANDARD_CONCEPT": "N",
              "STANDARD_CONCEPT_CAPTION": "Non-Standard",
              "INVALID_REASON": "V",
              "INVALID_REASON_CAPTION": "Valid",
              "CONCEPT_CODE": "F64.8",
              "DOMAIN_ID": "Condition",
              "VOCABULARY_ID": "ICD10CM",
              "CONCEPT_CLASS_ID": "4-char billing code"
            },
            "includeDescendants": true
          }
        ]
      }
    },
    {
      "id": 3,
      "name": "[OCOH] transgender - condition",
      "expression": {
        "items": [
          {
            "concept": {
              "CONCEPT_ID": 45613639,
              "CONCEPT_NAME": "Transgendered Persons",
              "STANDARD_CONCEPT": "N",
              "STANDARD_CONCEPT_CAPTION": "Non-Standard",
              "INVALID_REASON": "D",
              "INVALID_REASON_CAPTION": "Invalid",
              "CONCEPT_CODE": "D063106",
              "DOMAIN_ID": "Condition",
              "VOCABULARY_ID": "MeSH",
              "CONCEPT_CLASS_ID": "Condition"
            },
            "includeDescendants": true
          },
          {
            "concept": {
              "CONCEPT_ID": 4231241,
              "CONCEPT_NAME": "Transsexual",
              "STANDARD_CONCEPT": "S",
              "STANDARD_CONCEPT_CAPTION": "Standard",
              "INVALID_REASON": "V",
              "INVALID_REASON_CAPTION": "Valid",
              "CONCEPT_CODE": "407374003",
              "DOMAIN_ID": "Condition",
              "VOCABULARY_ID": "SNOMED",
              "CONCEPT_CLASS_ID": "Clinical Finding"
            },
            "includeDescendants": true
          },
          {
            "concept": {
              "CONCEPT_ID": 37200330,
              "CONCEPT_NAME": "Transsexualism",
              "STANDARD_CONCEPT": "N",
              "STANDARD_CONCEPT_CAPTION": "Non-Standard",
              "INVALID_REASON": "V",
              "INVALID_REASON_CAPTION": "Valid",
              "CONCEPT_CODE": "F64.0",
              "DOMAIN_ID": "Condition",
              "VOCABULARY_ID": "ICD10CM",
              "CONCEPT_CLASS_ID": "4-char billing code"
            },
            "includeDescendants": true
          }
        ]
      }
    },
    {
      "id": 4,
      "name": "[OCOH] - suicide risk/ideation/attempt",
      "expression": {
        "items": [
          {
            "concept": {
              "CONCEPT_ID": 4021336,
              "CONCEPT_NAME": "At risk for suicide",
              "STANDARD_CONCEPT": "S",
              "STANDARD_CONCEPT_CAPTION": "Standard",
              "INVALID_REASON": "V",
              "INVALID_REASON_CAPTION": "Valid",
              "CONCEPT_CODE": "225444004",
              "DOMAIN_ID": "Condition",
              "VOCABULARY_ID": "SNOMED",
              "CONCEPT_CLASS_ID": "Clinical Finding"
            },
            "includeDescendants": true
          },
          {
            "concept": {
              "CONCEPT_ID": 37208165,
              "CONCEPT_NAME": "Consultation for suicide risk management",
              "STANDARD_CONCEPT": "S",
              "STANDARD_CONCEPT_CAPTION": "Standard",
              "INVALID_REASON": "V",
              "INVALID_REASON_CAPTION": "Valid",
              "CONCEPT_CODE": "461231000124109",
              "DOMAIN_ID": "Observation",
              "VOCABULARY_ID": "SNOMED",
              "CONCEPT_CLASS_ID": "Procedure"
            },
            "includeDescendants": true
          },
          {
            "concept": {
              "CONCEPT_ID": 4021339,
              "CONCEPT_NAME": "Feeling suicidal",
              "STANDARD_CONCEPT": "S",
              "STANDARD_CONCEPT_CAPTION": "Standard",
              "INVALID_REASON": "V",
              "INVALID_REASON_CAPTION": "Valid",
              "CONCEPT_CODE": "225457007",
              "DOMAIN_ID": "Condition",
              "VOCABULARY_ID": "SNOMED",
              "CONCEPT_CLASS_ID": "Clinical Finding"
            },
            "includeDescendants": true
          },
          {
            "concept": {
              "CONCEPT_ID": 4058281,
              "CONCEPT_NAME": "H/O: attempted suicide",
              "STANDARD_CONCEPT": "N",
              "STANDARD_CONCEPT_CAPTION": "Non-Standard",
              "INVALID_REASON": "V",
              "INVALID_REASON_CAPTION": "Valid",
              "CONCEPT_CODE": "161474000",
              "DOMAIN_ID": "Observation",
              "VOCABULARY_ID": "SNOMED",
              "CONCEPT_CLASS_ID": "Context-dependent"
            },
            "includeDescendants": true
          },
          {
            "concept": {
              "CONCEPT_ID": 3171878,
              "CONCEPT_NAME": "History of suicidal tendencies",
              "STANDARD_CONCEPT": "S",
              "STANDARD_CONCEPT_CAPTION": "Standard",
              "INVALID_REASON": "V",
              "INVALID_REASON_CAPTION": "Valid",
              "CONCEPT_CODE": "11860001000004109",
              "DOMAIN_ID": "Observation",
              "VOCABULARY_ID": "Nebraska Lexicon",
              "CONCEPT_CLASS_ID": "Context-dependent"
            },
            "includeDescendants": true
          },
          {
            "concept": {
              "CONCEPT_ID": 4257906,
              "CONCEPT_NAME": "Injury due to suicide attempt",
              "STANDARD_CONCEPT": "S",
              "STANDARD_CONCEPT_CAPTION": "Standard",
              "INVALID_REASON": "V",
              "INVALID_REASON_CAPTION": "Valid",
              "CONCEPT_CODE": "440144004",
              "DOMAIN_ID": "Condition",
              "VOCABULARY_ID": "SNOMED",
              "CONCEPT_CLASS_ID": "Clinical Finding"
            },
            "includeDescendants": true
          },
          {
            "concept": {
              "CONCEPT_ID": 444362,
              "CONCEPT_NAME": "Suicidal deliberate poisoning",
              "STANDARD_CONCEPT": "S",
              "STANDARD_CONCEPT_CAPTION": "Standard",
              "INVALID_REASON": "V",
              "INVALID_REASON_CAPTION": "Valid",
              "CONCEPT_CODE": "86849004",
              "DOMAIN_ID": "Condition",
              "VOCABULARY_ID": "SNOMED",
              "CONCEPT_CLASS_ID": "Clinical Finding"
            },
            "includeDescendants": true
          },
          {
            "concept": {
              "CONCEPT_ID": 1001799,
              "CONCEPT_NAME": "Suicidal ideation",
              "STANDARD_CONCEPT": "S",
              "STANDARD_CONCEPT_CAPTION": "Standard",
              "INVALID_REASON": "V",
              "INVALID_REASON_CAPTION": "Valid",
              "CONCEPT_CODE": "94037-9",
              "DOMAIN_ID": "Observation",
              "VOCABULARY_ID": "LOINC",
              "CONCEPT_CLASS_ID": "Clinical Observation"
            },
            "includeDescendants": true
          },
          {
            "concept": {
              "CONCEPT_ID": 1001683,
              "CONCEPT_NAME": "Suicidal intent",
              "STANDARD_CONCEPT": "S",
              "STANDARD_CONCEPT_CAPTION": "Standard",
              "INVALID_REASON": "V",
              "INVALID_REASON_CAPTION": "Valid",
              "CONCEPT_CODE": "94034-6",
              "DOMAIN_ID": "Observation",
              "VOCABULARY_ID": "LOINC",
              "CONCEPT_CLASS_ID": "Clinical Observation"
            },
            "includeDescendants": true
          },
          {
            "concept": {
              "CONCEPT_ID": 4273391,
              "CONCEPT_NAME": "Suicidal thoughts",
              "STANDARD_CONCEPT": "S",
              "STANDARD_CONCEPT_CAPTION": "Standard",
              "INVALID_REASON": "V",
              "INVALID_REASON_CAPTION": "Valid",
              "CONCEPT_CODE": "6471006",
              "DOMAIN_ID": "Condition",
              "VOCABULARY_ID": "SNOMED",
              "CONCEPT_CLASS_ID": "Clinical Finding"
            },
            "includeDescendants": true
          },
          {
            "concept": {
              "CONCEPT_ID": 40768644,
              "CONCEPT_NAME": "Suicidality [DI-PAD]",
              "STANDARD_CONCEPT": "S",
              "STANDARD_CONCEPT_CAPTION": "Standard",
              "INVALID_REASON": "V",
              "INVALID_REASON_CAPTION": "Valid",
              "CONCEPT_CODE": "65959-9",
              "DOMAIN_ID": "Observation",
              "VOCABULARY_ID": "LOINC",
              "CONCEPT_CLASS_ID": "Clinical Observation"
            },
            "includeDescendants": true
          },
          {
            "concept": {
              "CONCEPT_ID": 40768645,
              "CONCEPT_NAME": "Suicidality notes [Text] [DI-PAD]",
              "STANDARD_CONCEPT": "S",
              "STANDARD_CONCEPT_CAPTION": "Standard",
              "INVALID_REASON": "V",
              "INVALID_REASON_CAPTION": "Valid",
              "CONCEPT_CODE": "65960-7",
              "DOMAIN_ID": "Observation",
              "VOCABULARY_ID": "LOINC",
              "CONCEPT_CLASS_ID": "Clinical Observation"
            },
            "includeDescendants": true
          },
          {
            "concept": {
              "CONCEPT_ID": 440925,
              "CONCEPT_NAME": "Suicide",
              "STANDARD_CONCEPT": "S",
              "STANDARD_CONCEPT_CAPTION": "Standard",
              "INVALID_REASON": "V",
              "INVALID_REASON_CAPTION": "Valid",
              "CONCEPT_CODE": "44301001",
              "DOMAIN_ID": "Observation",
              "VOCABULARY_ID": "SNOMED",
              "CONCEPT_CLASS_ID": "Event"
            },
            "includeDescendants": true
          },
          {
            "concept": {
              "CONCEPT_ID": 4219484,
              "CONCEPT_NAME": "Suicide attempt",
              "STANDARD_CONCEPT": "S",
              "STANDARD_CONCEPT_CAPTION": "Standard",
              "INVALID_REASON": "V",
              "INVALID_REASON_CAPTION": "Valid",
              "CONCEPT_CODE": "82313006",
              "DOMAIN_ID": "Observation",
              "VOCABULARY_ID": "SNOMED",
              "CONCEPT_CLASS_ID": "Event"
            },
            "includeDescendants": true
          },
          {
            "concept": {
              "CONCEPT_ID": 37399733,
              "CONCEPT_NAME": "Suicide risk",
              "STANDARD_CONCEPT": "S",
              "STANDARD_CONCEPT_CAPTION": "Standard",
              "INVALID_REASON": "V",
              "INVALID_REASON_CAPTION": "Valid",
              "CONCEPT_CODE": "3161000175102",
              "DOMAIN_ID": "Observation",
              "VOCABULARY_ID": "SNOMED",
              "CONCEPT_CLASS_ID": "Observable Entity"
            },
            "includeDescendants": true
          }
        ]
      }
    }
  ],
  "PrimaryCriteria": {
    "CriteriaList": [
      {
        "ConditionOccurrence": {
          "CodesetId": 4
        }
      }
    ],
    "ObservationWindow": {
      "PriorDays": 0,
      "PostDays": 0
    },
    "PrimaryCriteriaLimit": {
      "Type": "First"
    }
  },
  "QualifiedLimit": {
    "Type": "First"
  },
  "ExpressionLimit": {
    "Type": "First"
  },
  "InclusionRules": [
    {
      "name": "gender identity disorder or transgender",
      "expression": {
        "Type": "ANY",
        "CriteriaList": [
          {
            "Criteria": {
              "ConditionOccurrence": {
                "CodesetId": 2
              }
            },
            "StartWindow": {
              "Start": {
                "Coeff": -1
              },
              "End": {
                "Coeff": 1
              },
              "UseEventEnd": false
            },
            "Occurrence": {
              "Type": 2,
              "Count": 1
            }
          },
          {
            "Criteria": {
              "ConditionOccurrence": {
                "CodesetId": 3
              }
            },
            "StartWindow": {
              "Start": {
                "Coeff": -1
              },
              "End": {
                "Coeff": 1
              },
              "UseEventEnd": false
            },
            "Occurrence": {
              "Type": 2,
              "Count": 1
            }
          }
        ],
        "DemographicCriteriaList": [],
        "Groups": []
      }
    }
  ],
  "CensoringCriteria": [],
  "CollapseSettings": {
    "CollapseType": "ERA",
    "EraPad": 0
  },
  "CensorWindow": {},
  "cdmVersionRange": ">=5.0.0"
}