{
  "ConceptSets": [
    {
      "id": 0,
      "name": "[OCOH] hypertension",
      "expression": {
        "items": [
          {
            "concept": {
              "CONCEPT_ID": 312648,
              "CONCEPT_NAME": "Benign essential hypertension",
              "STANDARD_CONCEPT": "S",
              "STANDARD_CONCEPT_CAPTION": "Standard",
              "INVALID_REASON": "V",
              "INVALID_REASON_CAPTION": "Valid",
              "CONCEPT_CODE": "1201005",
              "DOMAIN_ID": "Condition",
              "VOCABULARY_ID": "SNOMED",
              "CONCEPT_CLASS_ID": "Clinical Finding"
            },
            "includeDescendants": true
          },
          {
            "concept": {
              "CONCEPT_ID": 4215640,
              "CONCEPT_NAME": "Benign essential hypertension complicating AND/OR reason for care during childbirth",
              "STANDARD_CONCEPT": "S",
              "STANDARD_CONCEPT_CAPTION": "Standard",
              "INVALID_REASON": "V",
              "INVALID_REASON_CAPTION": "Valid",
              "CONCEPT_CODE": "71874008",
              "DOMAIN_ID": "Condition",
              "VOCABULARY_ID": "SNOMED",
              "CONCEPT_CLASS_ID": "Clinical Finding"
            },
            "isExcluded": true
          },
          {
            "concept": {
              "CONCEPT_ID": 4034031,
              "CONCEPT_NAME": "Benign essential hypertension complicating AND/OR reason for care during pregnancy",
              "STANDARD_CONCEPT": "S",
              "STANDARD_CONCEPT_CAPTION": "Standard",
              "INVALID_REASON": "V",
              "INVALID_REASON_CAPTION": "Valid",
              "CONCEPT_CODE": "23717007",
              "DOMAIN_ID": "Condition",
              "VOCABULARY_ID": "SNOMED",
              "CONCEPT_CLASS_ID": "Clinical Finding"
            },
            "isExcluded": true
          },
          {
            "concept": {
              "CONCEPT_ID": 4148205,
              "CONCEPT_NAME": "Benign essential hypertension complicating AND/OR reason for care during puerperium",
              "STANDARD_CONCEPT": "S",
              "STANDARD_CONCEPT_CAPTION": "Standard",
              "INVALID_REASON": "V",
              "INVALID_REASON_CAPTION": "Valid",
              "CONCEPT_CODE": "35303009",
              "DOMAIN_ID": "Condition",
              "VOCABULARY_ID": "SNOMED",
              "CONCEPT_CLASS_ID": "Clinical Finding"
            },
            "isExcluded": true
          },
          {
            "concept": {
              "CONCEPT_ID": 321638,
              "CONCEPT_NAME": "Benign essential hypertension complicating pregnancy, childbirth and the puerperium",
              "STANDARD_CONCEPT": "S",
              "STANDARD_CONCEPT_CAPTION": "Standard",
              "INVALID_REASON": "V",
              "INVALID_REASON_CAPTION": "Valid",
              "CONCEPT_CODE": "198942000",
              "DOMAIN_ID": "Condition",
              "VOCABULARY_ID": "SNOMED",
              "CONCEPT_CLASS_ID": "Clinical Finding"
            },
            "isExcluded": true
          },
          {
            "concept": {
              "CONCEPT_ID": 314103,
              "CONCEPT_NAME": "Benign essential hypertension complicating pregnancy, childbirth and the puerperium - delivered",
              "STANDARD_CONCEPT": "S",
              "STANDARD_CONCEPT_CAPTION": "Standard",
              "INVALID_REASON": "V",
              "INVALID_REASON_CAPTION": "Valid",
              "CONCEPT_CODE": "198944004",
              "DOMAIN_ID": "Condition",
              "VOCABULARY_ID": "SNOMED",
              "CONCEPT_CLASS_ID": "Clinical Finding"
            },
            "isExcluded": true
          },
          {
            "concept": {
              "CONCEPT_ID": 320456,
              "CONCEPT_NAME": "Benign essential hypertension complicating pregnancy, childbirth and the puerperium - delivered with postnatal complication",
              "STANDARD_CONCEPT": "S",
              "STANDARD_CONCEPT_CAPTION": "Standard",
              "INVALID_REASON": "V",
              "INVALID_REASON_CAPTION": "Valid",
              "CONCEPT_CODE": "198945003",
              "DOMAIN_ID": "Condition",
              "VOCABULARY_ID": "SNOMED",
              "CONCEPT_CLASS_ID": "Clinical Finding"
            },
            "isExcluded": true
          },
          {
            "concept": {
              "CONCEPT_ID": 314423,
              "CONCEPT_NAME": "Benign essential hypertension complicating pregnancy, childbirth and the puerperium - not delivered",
              "STANDARD_CONCEPT": "S",
              "STANDARD_CONCEPT_CAPTION": "Standard",
              "INVALID_REASON": "V",
              "INVALID_REASON_CAPTION": "Valid",
              "CONCEPT_CODE": "198946002",
              "DOMAIN_ID": "Condition",
              "VOCABULARY_ID": "SNOMED",
              "CONCEPT_CLASS_ID": "Clinical Finding"
            },
            "isExcluded": true
          },
          {
            "concept": {
              "CONCEPT_ID": 4062811,
              "CONCEPT_NAME": "Benign essential hypertension complicating pregnancy, childbirth and the puerperium with postnatal complication",
              "STANDARD_CONCEPT": "S",
              "STANDARD_CONCEPT_CAPTION": "Standard",
              "INVALID_REASON": "V",
              "INVALID_REASON_CAPTION": "Valid",
              "CONCEPT_CODE": "198947006",
              "DOMAIN_ID": "Condition",
              "VOCABULARY_ID": "SNOMED",
              "CONCEPT_CLASS_ID": "Clinical Finding"
            },
            "isExcluded": true
          },
          {
            "concept": {
              "CONCEPT_ID": 4269358,
              "CONCEPT_NAME": "Benign essential hypertension in obstetric context",
              "STANDARD_CONCEPT": "S",
              "STANDARD_CONCEPT_CAPTION": "Standard",
              "INVALID_REASON": "V",
              "INVALID_REASON_CAPTION": "Valid",
              "CONCEPT_CODE": "63287004",
              "DOMAIN_ID": "Condition",
              "VOCABULARY_ID": "SNOMED",
              "CONCEPT_CLASS_ID": "Clinical Finding"
            },
            "isExcluded": true
          },
          {
            "concept": {
              "CONCEPT_ID": 4028741,
              "CONCEPT_NAME": "Benign hypertension",
              "STANDARD_CONCEPT": "S",
              "STANDARD_CONCEPT_CAPTION": "Standard",
              "INVALID_REASON": "V",
              "INVALID_REASON_CAPTION": "Valid",
              "CONCEPT_CODE": "10725009",
              "DOMAIN_ID": "Condition",
              "VOCABULARY_ID": "SNOMED",
              "CONCEPT_CLASS_ID": "Clinical Finding"
            },
            "includeDescendants": true
          },
          {
            "concept": {
              "CONCEPT_ID": 314958,
              "CONCEPT_NAME": "Benign secondary hypertension",
              "STANDARD_CONCEPT": "S",
              "STANDARD_CONCEPT_CAPTION": "Standard",
              "INVALID_REASON": "V",
              "INVALID_REASON_CAPTION": "Valid",
              "CONCEPT_CODE": "194785008",
              "DOMAIN_ID": "Condition",
              "VOCABULARY_ID": "SNOMED",
              "CONCEPT_CLASS_ID": "Clinical Finding"
            },
            "includeDescendants": true
          },
          {
            "concept": {
              "CONCEPT_ID": 4249016,
              "CONCEPT_NAME": "Benign secondary renovascular hypertension",
              "STANDARD_CONCEPT": "S",
              "STANDARD_CONCEPT_CAPTION": "Standard",
              "INVALID_REASON": "V",
              "INVALID_REASON_CAPTION": "Valid",
              "CONCEPT_CODE": "73410007",
              "DOMAIN_ID": "Condition",
              "VOCABULARY_ID": "SNOMED",
              "CONCEPT_CLASS_ID": "Clinical Finding"
            },
            "includeDescendants": true
          },
          {
            "concept": {
              "CONCEPT_ID": 36715087,
              "CONCEPT_NAME": "Brachydactyly and arterial hypertension syndrome",
              "STANDARD_CONCEPT": "S",
              "STANDARD_CONCEPT_CAPTION": "Standard",
              "INVALID_REASON": "V",
              "INVALID_REASON_CAPTION": "Valid",
              "CONCEPT_CODE": "720568003",
              "DOMAIN_ID": "Condition",
              "VOCABULARY_ID": "SNOMED",
              "CONCEPT_CLASS_ID": "Clinical Finding"
            },
            "isExcluded": true
          },
          {
            "concept": {
              "CONCEPT_ID": 4304837,
              "CONCEPT_NAME": "Chronic hypertension complicating AND/OR reason for care during childbirth",
              "STANDARD_CONCEPT": "S",
              "STANDARD_CONCEPT_CAPTION": "Standard",
              "INVALID_REASON": "V",
              "INVALID_REASON_CAPTION": "Valid",
              "CONCEPT_CODE": "8218002",
              "DOMAIN_ID": "Condition",
              "VOCABULARY_ID": "SNOMED",
              "CONCEPT_CLASS_ID": "Clinical Finding"
            },
            "isExcluded": true
          },
          {
            "concept": {
              "CONCEPT_ID": 4291933,
              "CONCEPT_NAME": "Chronic hypertension complicating AND/OR reason for care during pregnancy",
              "STANDARD_CONCEPT": "S",
              "STANDARD_CONCEPT_CAPTION": "Standard",
              "INVALID_REASON": "V",
              "INVALID_REASON_CAPTION": "Valid",
              "CONCEPT_CODE": "37618003",
              "DOMAIN_ID": "Condition",
              "VOCABULARY_ID": "SNOMED",
              "CONCEPT_CLASS_ID": "Clinical Finding"
            },
            "isExcluded": true
          },
          {
            "concept": {
              "CONCEPT_ID": 4080325,
              "CONCEPT_NAME": "Chronic hypertension complicating AND/OR reason for care during puerperium",
              "STANDARD_CONCEPT": "S",
              "STANDARD_CONCEPT_CAPTION": "Standard",
              "INVALID_REASON": "V",
              "INVALID_REASON_CAPTION": "Valid",
              "CONCEPT_CODE": "24042004",
              "DOMAIN_ID": "Condition",
              "VOCABULARY_ID": "SNOMED",
              "CONCEPT_CLASS_ID": "Clinical Finding"
            },
            "isExcluded": true
          },
          {
            "concept": {
              "CONCEPT_ID": 4227607,
              "CONCEPT_NAME": "Chronic hypertension in obstetric context",
              "STANDARD_CONCEPT": "S",
              "STANDARD_CONCEPT_CAPTION": "Standard",
              "INVALID_REASON": "V",
              "INVALID_REASON_CAPTION": "Valid",
              "CONCEPT_CODE": "8762007",
              "DOMAIN_ID": "Condition",
              "VOCABULARY_ID": "SNOMED",
              "CONCEPT_CLASS_ID": "Clinical Finding"
            },
            "isExcluded": true
          },
          {
            "concept": {
              "CONCEPT_ID": 4167358,
              "CONCEPT_NAME": "Diastolic hypertension",
              "STANDARD_CONCEPT": "S",
              "STANDARD_CONCEPT_CAPTION": "Standard",
              "INVALID_REASON": "V",
              "INVALID_REASON_CAPTION": "Valid",
              "CONCEPT_CODE": "48146000",
              "DOMAIN_ID": "Condition",
              "VOCABULARY_ID": "SNOMED",
              "CONCEPT_CLASS_ID": "Clinical Finding"
            },
            "includeDescendants": true
          },
          {
            "concept": {
              "CONCEPT_ID": 42538697,
              "CONCEPT_NAME": "Diastolic hypertension and systolic hypertension",
              "STANDARD_CONCEPT": "S",
              "STANDARD_CONCEPT_CAPTION": "Standard",
              "INVALID_REASON": "V",
              "INVALID_REASON_CAPTION": "Valid",
              "CONCEPT_CODE": "762463000",
              "DOMAIN_ID": "Condition",
              "VOCABULARY_ID": "SNOMED",
              "CONCEPT_CLASS_ID": "Clinical Finding"
            },
            "includeDescendants": true
          },
          {
            "concept": {
              "CONCEPT_ID": 4289142,
              "CONCEPT_NAME": "Eclampsia added to pre-existing hypertension",
              "STANDARD_CONCEPT": "S",
              "STANDARD_CONCEPT_CAPTION": "Standard",
              "INVALID_REASON": "V",
              "INVALID_REASON_CAPTION": "Valid",
              "CONCEPT_CODE": "69909000",
              "DOMAIN_ID": "Condition",
              "VOCABULARY_ID": "SNOMED",
              "CONCEPT_CLASS_ID": "Clinical Finding"
            },
            "isExcluded": true
          },
          {
            "concept": {
              "CONCEPT_ID": 45757119,
              "CONCEPT_NAME": "Eclampsia with pre-existing hypertension in childbirth",
              "STANDARD_CONCEPT": "S",
              "STANDARD_CONCEPT_CAPTION": "Standard",
              "INVALID_REASON": "V",
              "INVALID_REASON_CAPTION": "Valid",
              "CONCEPT_CODE": "10752641000119102",
              "DOMAIN_ID": "Condition",
              "VOCABULARY_ID": "SNOMED",
              "CONCEPT_CLASS_ID": "Clinical Finding"
            },
            "isExcluded": true
          },
          {
            "concept": {
              "CONCEPT_ID": 320128,
              "CONCEPT_NAME": "Essential hypertension",
              "STANDARD_CONCEPT": "S",
              "STANDARD_CONCEPT_CAPTION": "Standard",
              "INVALID_REASON": "V",
              "INVALID_REASON_CAPTION": "Valid",
              "CONCEPT_CODE": "59621000",
              "DOMAIN_ID": "Condition",
              "VOCABULARY_ID": "SNOMED",
              "CONCEPT_CLASS_ID": "Clinical Finding"
            },
            "includeDescendants": true
          },
          {
            "concept": {
              "CONCEPT_ID": 4083723,
              "CONCEPT_NAME": "Essential hypertension complicating AND/OR reason for care during childbirth",
              "STANDARD_CONCEPT": "S",
              "STANDARD_CONCEPT_CAPTION": "Standard",
              "INVALID_REASON": "V",
              "INVALID_REASON_CAPTION": "Valid",
              "CONCEPT_CODE": "18416000",
              "DOMAIN_ID": "Condition",
              "VOCABULARY_ID": "SNOMED",
              "CONCEPT_CLASS_ID": "Clinical Finding"
            },
            "isExcluded": true
          },
          {
            "concept": {
              "CONCEPT_ID": 4302591,
              "CONCEPT_NAME": "Essential hypertension complicating AND/OR reason for care during pregnancy",
              "STANDARD_CONCEPT": "S",
              "STANDARD_CONCEPT_CAPTION": "Standard",
              "INVALID_REASON": "V",
              "INVALID_REASON_CAPTION": "Valid",
              "CONCEPT_CODE": "78808002",
              "DOMAIN_ID": "Condition",
              "VOCABULARY_ID": "SNOMED",
              "CONCEPT_CLASS_ID": "Clinical Finding"
            },
            "isExcluded": true
          },
          {
            "concept": {
              "CONCEPT_ID": 4321603,
              "CONCEPT_NAME": "Essential hypertension complicating AND/OR reason for care during puerperium",
              "STANDARD_CONCEPT": "S",
              "STANDARD_CONCEPT_CAPTION": "Standard",
              "INVALID_REASON": "V",
              "INVALID_REASON_CAPTION": "Valid",
              "CONCEPT_CODE": "9901000",
              "DOMAIN_ID": "Condition",
              "VOCABULARY_ID": "SNOMED",
              "CONCEPT_CLASS_ID": "Clinical Finding"
            },
            "isExcluded": true
          },
          {
            "concept": {
              "CONCEPT_ID": 4217486,
              "CONCEPT_NAME": "Essential hypertension in obstetric context",
              "STANDARD_CONCEPT": "S",
              "STANDARD_CONCEPT_CAPTION": "Standard",
              "INVALID_REASON": "V",
              "INVALID_REASON_CAPTION": "Valid",
              "CONCEPT_CODE": "72022006",
              "DOMAIN_ID": "Condition",
              "VOCABULARY_ID": "SNOMED",
              "CONCEPT_CLASS_ID": "Clinical Finding"
            },
            "isExcluded": true
          },
          {
            "concept": {
              "CONCEPT_ID": 4179379,
              "CONCEPT_NAME": "Exertional hypertension",
              "STANDARD_CONCEPT": "S",
              "STANDARD_CONCEPT_CAPTION": "Standard",
              "INVALID_REASON": "V",
              "INVALID_REASON_CAPTION": "Valid",
              "CONCEPT_CODE": "429198000",
              "DOMAIN_ID": "Condition",
              "VOCABULARY_ID": "SNOMED",
              "CONCEPT_CLASS_ID": "Clinical Finding"
            },
            "isExcluded": true
          },
          {
            "concept": {
              "CONCEPT_ID": 4048212,
              "CONCEPT_NAME": "Goldblatt hypertension",
              "STANDARD_CONCEPT": "S",
              "STANDARD_CONCEPT_CAPTION": "Standard",
              "INVALID_REASON": "V",
              "INVALID_REASON_CAPTION": "Valid",
              "CONCEPT_CODE": "123800009",
              "DOMAIN_ID": "Condition",
              "VOCABULARY_ID": "SNOMED",
              "CONCEPT_CLASS_ID": "Clinical Finding"
            },
            "isExcluded": true
          },
          {
            "concept": {
              "CONCEPT_ID": 4316372,
              "CONCEPT_NAME": "HELLP syndrome",
              "STANDARD_CONCEPT": "S",
              "STANDARD_CONCEPT_CAPTION": "Standard",
              "INVALID_REASON": "V",
              "INVALID_REASON_CAPTION": "Valid",
              "CONCEPT_CODE": "95605009",
              "DOMAIN_ID": "Condition",
              "VOCABULARY_ID": "SNOMED",
              "CONCEPT_CLASS_ID": "Clinical Finding"
            },
            "isExcluded": true
          },
          {
            "concept": {
              "CONCEPT_ID": 4058987,
              "CONCEPT_NAME": "High-renin essential hypertension",
              "STANDARD_CONCEPT": "S",
              "STANDARD_CONCEPT_CAPTION": "Standard",
              "INVALID_REASON": "V",
              "INVALID_REASON_CAPTION": "Valid",
              "CONCEPT_CODE": "19769006",
              "DOMAIN_ID": "Condition",
              "VOCABULARY_ID": "SNOMED",
              "CONCEPT_CLASS_ID": "Clinical Finding"
            },
            "includeDescendants": true
          },
          {
            "concept": {
              "CONCEPT_ID": 4322735,
              "CONCEPT_NAME": "Hypertension associated with transplantation",
              "STANDARD_CONCEPT": "S",
              "STANDARD_CONCEPT_CAPTION": "Standard",
              "INVALID_REASON": "V",
              "INVALID_REASON_CAPTION": "Valid",
              "CONCEPT_CODE": "427889009",
              "DOMAIN_ID": "Condition",
              "VOCABULARY_ID": "SNOMED",
              "CONCEPT_CLASS_ID": "Clinical Finding"
            },
            "isExcluded": true
          },
          {
            "concept": {
              "CONCEPT_ID": 42538946,
              "CONCEPT_NAME": "Hypertension complicating pregnancy",
              "STANDARD_CONCEPT": "S",
              "STANDARD_CONCEPT_CAPTION": "Standard",
              "INVALID_REASON": "V",
              "INVALID_REASON_CAPTION": "Valid",
              "CONCEPT_CODE": "82771000119102",
              "DOMAIN_ID": "Condition",
              "VOCABULARY_ID": "SNOMED",
              "CONCEPT_CLASS_ID": "Clinical Finding"
            },
            "isExcluded": true
          },
          {
            "concept": {
              "CONCEPT_ID": 321080,
              "CONCEPT_NAME": "Hypertension complicating pregnancy, childbirth and the puerperium",
              "STANDARD_CONCEPT": "S",
              "STANDARD_CONCEPT_CAPTION": "Standard",
              "INVALID_REASON": "V",
              "INVALID_REASON_CAPTION": "Valid",
              "CONCEPT_CODE": "198941007",
              "DOMAIN_ID": "Condition",
              "VOCABULARY_ID": "SNOMED",
              "CONCEPT_CLASS_ID": "Clinical Finding"
            },
            "isExcluded": true
          },
          {
            "concept": {
              "CONCEPT_ID": 42873163,
              "CONCEPT_NAME": "Hypertension complicating pregnancy, childbirth and the puerperium, antepartum",
              "STANDARD_CONCEPT": "S",
              "STANDARD_CONCEPT_CAPTION": "Standard",
              "INVALID_REASON": "V",
              "INVALID_REASON_CAPTION": "Valid",
              "CONCEPT_CODE": "541000119105",
              "DOMAIN_ID": "Condition",
              "VOCABULARY_ID": "SNOMED",
              "CONCEPT_CLASS_ID": "Clinical Finding"
            },
            "isExcluded": true
          },
          {
            "concept": {
              "CONCEPT_ID": 3656115,
              "CONCEPT_NAME": "Hypertension due to aortic arch obstruction",
              "STANDARD_CONCEPT": "S",
              "STANDARD_CONCEPT_CAPTION": "Standard",
              "INVALID_REASON": "V",
              "INVALID_REASON_CAPTION": "Valid",
              "CONCEPT_CODE": "871642009",
              "DOMAIN_ID": "Condition",
              "VOCABULARY_ID": "SNOMED",
              "CONCEPT_CLASS_ID": "Clinical Finding"
            },
            "isExcluded": true
          },
          {
            "concept": {
              "CONCEPT_ID": 35624277,
              "CONCEPT_NAME": "Hypertension due to gain-of-function mutation in mineralocorticoid receptor",
              "STANDARD_CONCEPT": "S",
              "STANDARD_CONCEPT_CAPTION": "Standard",
              "INVALID_REASON": "V",
              "INVALID_REASON_CAPTION": "Valid",
              "CONCEPT_CODE": "766937004",
              "DOMAIN_ID": "Condition",
              "VOCABULARY_ID": "SNOMED",
              "CONCEPT_CLASS_ID": "Clinical Finding"
            },
            "includeDescendants": true
          },
          {
            "concept": {
              "CONCEPT_ID": 45771067,
              "CONCEPT_NAME": "Hypertension in chronic kidney disease due to type 1 diabetes mellitus",
              "STANDARD_CONCEPT": "S",
              "STANDARD_CONCEPT_CAPTION": "Standard",
              "INVALID_REASON": "V",
              "INVALID_REASON_CAPTION": "Valid",
              "CONCEPT_CODE": "71701000119105",
              "DOMAIN_ID": "Condition",
              "VOCABULARY_ID": "SNOMED",
              "CONCEPT_CLASS_ID": "Clinical Finding"
            },
            "includeDescendants": true
          },
          {
            "concept": {
              "CONCEPT_ID": 45771064,
              "CONCEPT_NAME": "Hypertension in chronic kidney disease due to type 2 diabetes mellitus",
              "STANDARD_CONCEPT": "S",
              "STANDARD_CONCEPT_CAPTION": "Standard",
              "INVALID_REASON": "V",
              "INVALID_REASON_CAPTION": "Valid",
              "CONCEPT_CODE": "71421000119105",
              "DOMAIN_ID": "Condition",
              "VOCABULARY_ID": "SNOMED",
              "CONCEPT_CLASS_ID": "Clinical Finding"
            },
            "includeDescendants": true
          },
          {
            "concept": {
              "CONCEPT_ID": 45757447,
              "CONCEPT_NAME": "Hypertension in chronic kidney disease stage 2 due to type 2 diabetes mellitus",
              "STANDARD_CONCEPT": "S",
              "STANDARD_CONCEPT_CAPTION": "Standard",
              "INVALID_REASON": "V",
              "INVALID_REASON_CAPTION": "Valid",
              "CONCEPT_CODE": "140131000119102",
              "DOMAIN_ID": "Condition",
              "VOCABULARY_ID": "SNOMED",
              "CONCEPT_CLASS_ID": "Clinical Finding"
            },
            "includeDescendants": true
          },
          {
            "concept": {
              "CONCEPT_ID": 45757446,
              "CONCEPT_NAME": "Hypertension in chronic kidney disease stage 3 due to type 2 diabetes mellitus",
              "STANDARD_CONCEPT": "S",
              "STANDARD_CONCEPT_CAPTION": "Standard",
              "INVALID_REASON": "V",
              "INVALID_REASON_CAPTION": "Valid",
              "CONCEPT_CODE": "140121000119100",
              "DOMAIN_ID": "Condition",
              "VOCABULARY_ID": "SNOMED",
              "CONCEPT_CLASS_ID": "Clinical Finding"
            },
            "includeDescendants": true
          },
          {
            "concept": {
              "CONCEPT_ID": 45757445,
              "CONCEPT_NAME": "Hypertension in chronic kidney disease stage 4 due to type 2 diabetes mellitus",
              "STANDARD_CONCEPT": "S",
              "STANDARD_CONCEPT_CAPTION": "Standard",
              "INVALID_REASON": "V",
              "INVALID_REASON_CAPTION": "Valid",
              "CONCEPT_CODE": "140111000119107",
              "DOMAIN_ID": "Condition",
              "VOCABULARY_ID": "SNOMED",
              "CONCEPT_CLASS_ID": "Clinical Finding"
            },
            "includeDescendants": true
          },
          {
            "concept": {
              "CONCEPT_ID": 45757444,
              "CONCEPT_NAME": "Hypertension in chronic kidney disease stage 5 due to type 2 diabetes mellitus",
              "STANDARD_CONCEPT": "S",
              "STANDARD_CONCEPT_CAPTION": "Standard",
              "INVALID_REASON": "V",
              "INVALID_REASON_CAPTION": "Valid",
              "CONCEPT_CODE": "140101000119109",
              "DOMAIN_ID": "Condition",
              "VOCABULARY_ID": "SNOMED",
              "CONCEPT_CLASS_ID": "Clinical Finding"
            },
            "includeDescendants": true
          },
          {
            "concept": {
              "CONCEPT_ID": 4279525,
              "CONCEPT_NAME": "Hypertension in the obstetric context",
              "STANDARD_CONCEPT": "S",
              "STANDARD_CONCEPT_CAPTION": "Standard",
              "INVALID_REASON": "V",
              "INVALID_REASON_CAPTION": "Valid",
              "CONCEPT_CODE": "367390009",
              "DOMAIN_ID": "Condition",
              "VOCABULARY_ID": "SNOMED",
              "CONCEPT_CLASS_ID": "Clinical Finding"
            },
            "isExcluded": true
          },
          {
            "concept": {
              "CONCEPT_ID": 44784484,
              "CONCEPT_NAME": "Hypertension in the puerperium with pulmonary edema",
              "STANDARD_CONCEPT": "S",
              "STANDARD_CONCEPT_CAPTION": "Standard",
              "INVALID_REASON": "V",
              "INVALID_REASON_CAPTION": "Valid",
              "CONCEPT_CODE": "698640000",
              "DOMAIN_ID": "Condition",
              "VOCABULARY_ID": "SNOMED",
              "CONCEPT_CLASS_ID": "Clinical Finding"
            },
            "isExcluded": true
          },
          {
            "concept": {
              "CONCEPT_ID": 4061667,
              "CONCEPT_NAME": "Hypertension induced by oral contraceptive pill",
              "STANDARD_CONCEPT": "S",
              "STANDARD_CONCEPT_CAPTION": "Standard",
              "INVALID_REASON": "V",
              "INVALID_REASON_CAPTION": "Valid",
              "CONCEPT_CODE": "169465000",
              "DOMAIN_ID": "Condition",
              "VOCABULARY_ID": "SNOMED",
              "CONCEPT_CLASS_ID": "Clinical Finding"
            },
            "includeDescendants": true
          },
          {
            "concept": {
              "CONCEPT_ID": 44809548,
              "CONCEPT_NAME": "Hypertension resistant to drug therapy",
              "STANDARD_CONCEPT": "S",
              "STANDARD_CONCEPT_CAPTION": "Standard",
              "INVALID_REASON": "V",
              "INVALID_REASON_CAPTION": "Valid",
              "CONCEPT_CODE": "845891000000103",
              "DOMAIN_ID": "Condition",
              "VOCABULARY_ID": "SNOMED",
              "CONCEPT_CLASS_ID": "Clinical Finding"
            },
            "includeDescendants": true
          },
          {
            "concept": {
              "CONCEPT_ID": 4108213,
              "CONCEPT_NAME": "Hypertension secondary to drug",
              "STANDARD_CONCEPT": "S",
              "STANDARD_CONCEPT_CAPTION": "Standard",
              "INVALID_REASON": "V",
              "INVALID_REASON_CAPTION": "Valid",
              "CONCEPT_CODE": "194791005",
              "DOMAIN_ID": "Condition",
              "VOCABULARY_ID": "SNOMED",
              "CONCEPT_CLASS_ID": "Clinical Finding"
            },
            "includeDescendants": true
          },
          {
            "concept": {
              "CONCEPT_ID": 4110948,
              "CONCEPT_NAME": "Hypertension secondary to endocrine disorder",
              "STANDARD_CONCEPT": "S",
              "STANDARD_CONCEPT_CAPTION": "Standard",
              "INVALID_REASON": "V",
              "INVALID_REASON_CAPTION": "Valid",
              "CONCEPT_CODE": "194788005",
              "DOMAIN_ID": "Condition",
              "VOCABULARY_ID": "SNOMED",
              "CONCEPT_CLASS_ID": "Clinical Finding"
            },
            "includeDescendants": true
          },
          {
            "concept": {
              "CONCEPT_ID": 4178312,
              "CONCEPT_NAME": "Hypertension secondary to kidney transplant",
              "STANDARD_CONCEPT": "S",
              "STANDARD_CONCEPT_CAPTION": "Standard",
              "INVALID_REASON": "V",
              "INVALID_REASON_CAPTION": "Valid",
              "CONCEPT_CODE": "428575007",
              "DOMAIN_ID": "Condition",
              "VOCABULARY_ID": "SNOMED",
              "CONCEPT_CLASS_ID": "Clinical Finding"
            },
            "isExcluded": true
          },
          {
            "concept": {
              "CONCEPT_ID": 4094374,
              "CONCEPT_NAME": "Hypertension secondary to renal disease complicating AND/OR reason for care during childbirth",
              "STANDARD_CONCEPT": "S",
              "STANDARD_CONCEPT_CAPTION": "Standard",
              "INVALID_REASON": "V",
              "INVALID_REASON_CAPTION": "Valid",
              "CONCEPT_CODE": "26078007",
              "DOMAIN_ID": "Condition",
              "VOCABULARY_ID": "SNOMED",
              "CONCEPT_CLASS_ID": "Clinical Finding"
            },
            "isExcluded": true
          },
          {
            "concept": {
              "CONCEPT_ID": 4174979,
              "CONCEPT_NAME": "Hypertension secondary to renal disease complicating AND/OR reason for care during pregnancy",
              "STANDARD_CONCEPT": "S",
              "STANDARD_CONCEPT_CAPTION": "Standard",
              "INVALID_REASON": "V",
              "INVALID_REASON_CAPTION": "Valid",
              "CONCEPT_CODE": "48552006",
              "DOMAIN_ID": "Condition",
              "VOCABULARY_ID": "SNOMED",
              "CONCEPT_CLASS_ID": "Clinical Finding"
            },
            "isExcluded": true
          },
          {
            "concept": {
              "CONCEPT_ID": 4219323,
              "CONCEPT_NAME": "Hypertension secondary to renal disease complicating AND/OR reason for care during puerperium",
              "STANDARD_CONCEPT": "S",
              "STANDARD_CONCEPT_CAPTION": "Standard",
              "INVALID_REASON": "V",
              "INVALID_REASON_CAPTION": "Valid",
              "CONCEPT_CODE": "39727004",
              "DOMAIN_ID": "Condition",
              "VOCABULARY_ID": "SNOMED",
              "CONCEPT_CLASS_ID": "Clinical Finding"
            },
            "isExcluded": true
          },
          {
            "concept": {
              "CONCEPT_ID": 4006325,
              "CONCEPT_NAME": "Hypertension secondary to renal disease in obstetric context",
              "STANDARD_CONCEPT": "S",
              "STANDARD_CONCEPT_CAPTION": "Standard",
              "INVALID_REASON": "V",
              "INVALID_REASON_CAPTION": "Valid",
              "CONCEPT_CODE": "111438007",
              "DOMAIN_ID": "Condition",
              "VOCABULARY_ID": "SNOMED",
              "CONCEPT_CLASS_ID": "Clinical Finding"
            },
            "isExcluded": true
          },
          {
            "concept": {
              "CONCEPT_ID": 4262182,
              "CONCEPT_NAME": "Hypertension with albuminuria",
              "STANDARD_CONCEPT": "S",
              "STANDARD_CONCEPT_CAPTION": "Standard",
              "INVALID_REASON": "V",
              "INVALID_REASON_CAPTION": "Valid",
              "CONCEPT_CODE": "397748008",
              "DOMAIN_ID": "Condition",
              "VOCABULARY_ID": "SNOMED",
              "CONCEPT_CLASS_ID": "Clinical Finding"
            },
            "includeDescendants": true
          },
          {
            "concept": {
              "CONCEPT_ID": 3169253,
              "CONCEPT_NAME": "Hypertension with apparent mineralocorticoid excess",
              "STANDARD_CONCEPT": "S",
              "STANDARD_CONCEPT_CAPTION": "Standard",
              "INVALID_REASON": "V",
              "INVALID_REASON_CAPTION": "Valid",
              "CONCEPT_CODE": "6400001000004100",
              "DOMAIN_ID": "Condition",
              "VOCABULARY_ID": "Nebraska Lexicon",
              "CONCEPT_CLASS_ID": "Clinical Finding"
            },
            "includeDescendants": true
          },
          {
            "concept": {
              "CONCEPT_ID": 3191244,
              "CONCEPT_NAME": "Hypertension with hyperadrenergic findings",
              "STANDARD_CONCEPT": "S",
              "STANDARD_CONCEPT_CAPTION": "Standard",
              "INVALID_REASON": "V",
              "INVALID_REASON_CAPTION": "Valid",
              "CONCEPT_CODE": "7160001000004104",
              "DOMAIN_ID": "Condition",
              "VOCABULARY_ID": "Nebraska Lexicon",
              "CONCEPT_CLASS_ID": "Clinical Finding"
            },
            "includeDescendants": true
          },
          {
            "concept": {
              "CONCEPT_ID": 45768449,
              "CONCEPT_NAME": "Hypertensive crisis",
              "STANDARD_CONCEPT": "S",
              "STANDARD_CONCEPT_CAPTION": "Standard",
              "INVALID_REASON": "V",
              "INVALID_REASON_CAPTION": "Valid",
              "CONCEPT_CODE": "706882009",
              "DOMAIN_ID": "Condition",
              "VOCABULARY_ID": "SNOMED",
              "CONCEPT_CLASS_ID": "Clinical Finding"
            },
            "includeDescendants": true
          },
          {
            "concept": {
              "CONCEPT_ID": 316866,
              "CONCEPT_NAME": "Hypertensive disorder",
              "STANDARD_CONCEPT": "S",
              "STANDARD_CONCEPT_CAPTION": "Standard",
              "INVALID_REASON": "V",
              "INVALID_REASON_CAPTION": "Valid",
              "CONCEPT_CODE": "38341003",
              "DOMAIN_ID": "Condition",
              "VOCABULARY_ID": "SNOMED",
              "CONCEPT_CLASS_ID": "Clinical Finding"
            },
            "includeDescendants": true
          },
          {
            "concept": {
              "CONCEPT_ID": 43020424,
              "CONCEPT_NAME": "Hypertensive emergency",
              "STANDARD_CONCEPT": "S",
              "STANDARD_CONCEPT_CAPTION": "Standard",
              "INVALID_REASON": "V",
              "INVALID_REASON_CAPTION": "Valid",
              "CONCEPT_CODE": "132721000119104",
              "DOMAIN_ID": "Condition",
              "VOCABULARY_ID": "SNOMED",
              "CONCEPT_CLASS_ID": "Clinical Finding"
            },
            "includeDescendants": true
          },
          {
            "concept": {
              "CONCEPT_ID": 40481896,
              "CONCEPT_NAME": "Hypertensive urgency",
              "STANDARD_CONCEPT": "S",
              "STANDARD_CONCEPT_CAPTION": "Standard",
              "INVALID_REASON": "V",
              "INVALID_REASON_CAPTION": "Valid",
              "CONCEPT_CODE": "443482000",
              "DOMAIN_ID": "Condition",
              "VOCABULARY_ID": "SNOMED",
              "CONCEPT_CLASS_ID": "Clinical Finding"
            },
            "includeDescendants": true
          },
          {
            "concept": {
              "CONCEPT_ID": 4034095,
              "CONCEPT_NAME": "Impending eclampsia",
              "STANDARD_CONCEPT": "S",
              "STANDARD_CONCEPT_CAPTION": "Standard",
              "INVALID_REASON": "V",
              "INVALID_REASON_CAPTION": "Valid",
              "CONCEPT_CODE": "237282002",
              "DOMAIN_ID": "Condition",
              "VOCABULARY_ID": "SNOMED",
              "CONCEPT_CLASS_ID": "Clinical Finding"
            },
            "isExcluded": true
          },
          {
            "concept": {
              "CONCEPT_ID": 44783643,
              "CONCEPT_NAME": "Intermittent hypertension",
              "STANDARD_CONCEPT": "S",
              "STANDARD_CONCEPT_CAPTION": "Standard",
              "INVALID_REASON": "V",
              "INVALID_REASON_CAPTION": "Valid",
              "CONCEPT_CODE": "697929007",
              "DOMAIN_ID": "Condition",
              "VOCABULARY_ID": "SNOMED",
              "CONCEPT_CLASS_ID": "Clinical Finding"
            },
            "includeDescendants": true
          },
          {
            "concept": {
              "CONCEPT_ID": 4276511,
              "CONCEPT_NAME": "Labile diastolic hypertension",
              "STANDARD_CONCEPT": "S",
              "STANDARD_CONCEPT_CAPTION": "Standard",
              "INVALID_REASON": "V",
              "INVALID_REASON_CAPTION": "Valid",
              "CONCEPT_CODE": "65518004",
              "DOMAIN_ID": "Condition",
              "VOCABULARY_ID": "SNOMED",
              "CONCEPT_CLASS_ID": "Clinical Finding"
            },
            "includeDescendants": true
          },
          {
            "concept": {
              "CONCEPT_ID": 4159755,
              "CONCEPT_NAME": "Labile essential hypertension",
              "STANDARD_CONCEPT": "S",
              "STANDARD_CONCEPT_CAPTION": "Standard",
              "INVALID_REASON": "V",
              "INVALID_REASON_CAPTION": "Valid",
              "CONCEPT_CODE": "371125006",
              "DOMAIN_ID": "Condition",
              "VOCABULARY_ID": "SNOMED",
              "CONCEPT_CLASS_ID": "Clinical Finding"
            },
            "includeDescendants": true
          },
          {
            "concept": {
              "CONCEPT_ID": 44783644,
              "CONCEPT_NAME": "Labile hypertension due to being in a clinical environment",
              "STANDARD_CONCEPT": "S",
              "STANDARD_CONCEPT_CAPTION": "Standard",
              "INVALID_REASON": "V",
              "INVALID_REASON_CAPTION": "Valid",
              "CONCEPT_CODE": "697930002",
              "DOMAIN_ID": "Condition",
              "VOCABULARY_ID": "SNOMED",
              "CONCEPT_CLASS_ID": "Clinical Finding"
            },
            "includeDescendants": true
          },
          {
            "concept": {
              "CONCEPT_ID": 36713024,
              "CONCEPT_NAME": "Labile systemic arterial hypertension",
              "STANDARD_CONCEPT": "S",
              "STANDARD_CONCEPT_CAPTION": "Standard",
              "INVALID_REASON": "V",
              "INVALID_REASON_CAPTION": "Valid",
              "CONCEPT_CODE": "16229371000119106",
              "DOMAIN_ID": "Condition",
              "VOCABULARY_ID": "SNOMED",
              "CONCEPT_CLASS_ID": "Clinical Finding"
            },
            "includeDescendants": true
          },
          {
            "concept": {
              "CONCEPT_ID": 4263067,
              "CONCEPT_NAME": "Low-renin essential hypertension",
              "STANDARD_CONCEPT": "S",
              "STANDARD_CONCEPT_CAPTION": "Standard",
              "INVALID_REASON": "V",
              "INVALID_REASON_CAPTION": "Valid",
              "CONCEPT_CODE": "46481004",
              "DOMAIN_ID": "Condition",
              "VOCABULARY_ID": "SNOMED",
              "CONCEPT_CLASS_ID": "Clinical Finding"
            },
            "includeDescendants": true
          },
          {
            "concept": {
              "CONCEPT_ID": 317898,
              "CONCEPT_NAME": "Malignant essential hypertension",
              "STANDARD_CONCEPT": "S",
              "STANDARD_CONCEPT_CAPTION": "Standard",
              "INVALID_REASON": "V",
              "INVALID_REASON_CAPTION": "Valid",
              "CONCEPT_CODE": "78975002",
              "DOMAIN_ID": "Condition",
              "VOCABULARY_ID": "SNOMED",
              "CONCEPT_CLASS_ID": "Clinical Finding"
            },
            "includeDescendants": true
          },
          {
            "concept": {
              "CONCEPT_ID": 4289933,
              "CONCEPT_NAME": "Malignant hypertension",
              "STANDARD_CONCEPT": "S",
              "STANDARD_CONCEPT_CAPTION": "Standard",
              "INVALID_REASON": "V",
              "INVALID_REASON_CAPTION": "Valid",
              "CONCEPT_CODE": "70272006",
              "DOMAIN_ID": "Condition",
              "VOCABULARY_ID": "SNOMED",
              "CONCEPT_CLASS_ID": "Clinical Finding"
            },
            "includeDescendants": true
          },
          {
            "concept": {
              "CONCEPT_ID": 4023318,
              "CONCEPT_NAME": "Malignant hypertension complicating AND/OR reason for care during childbirth",
              "STANDARD_CONCEPT": "S",
              "STANDARD_CONCEPT_CAPTION": "Standard",
              "INVALID_REASON": "V",
              "INVALID_REASON_CAPTION": "Valid",
              "CONCEPT_CODE": "10562009",
              "DOMAIN_ID": "Condition",
              "VOCABULARY_ID": "SNOMED",
              "CONCEPT_CLASS_ID": "Clinical Finding"
            },
            "isExcluded": true
          },
          {
            "concept": {
              "CONCEPT_ID": 4162306,
              "CONCEPT_NAME": "Malignant hypertension complicating AND/OR reason for care during pregnancy",
              "STANDARD_CONCEPT": "S",
              "STANDARD_CONCEPT_CAPTION": "Standard",
              "INVALID_REASON": "V",
              "INVALID_REASON_CAPTION": "Valid",
              "CONCEPT_CODE": "29259002",
              "DOMAIN_ID": "Condition",
              "VOCABULARY_ID": "SNOMED",
              "CONCEPT_CLASS_ID": "Clinical Finding"
            },
            "isExcluded": true
          },
          {
            "concept": {
              "CONCEPT_ID": 4028951,
              "CONCEPT_NAME": "Malignant hypertension complicating AND/OR reason for care during puerperium",
              "STANDARD_CONCEPT": "S",
              "STANDARD_CONCEPT_CAPTION": "Standard",
              "INVALID_REASON": "V",
              "INVALID_REASON_CAPTION": "Valid",
              "CONCEPT_CODE": "23786008",
              "DOMAIN_ID": "Condition",
              "VOCABULARY_ID": "SNOMED",
              "CONCEPT_CLASS_ID": "Clinical Finding"
            },
            "isExcluded": true
          },
          {
            "concept": {
              "CONCEPT_ID": 4218088,
              "CONCEPT_NAME": "Malignant hypertension in obstetric context",
              "STANDARD_CONCEPT": "S",
              "STANDARD_CONCEPT_CAPTION": "Standard",
              "INVALID_REASON": "V",
              "INVALID_REASON_CAPTION": "Valid",
              "CONCEPT_CODE": "81626002",
              "DOMAIN_ID": "Condition",
              "VOCABULARY_ID": "SNOMED",
              "CONCEPT_CLASS_ID": "Clinical Finding"
            },
            "isExcluded": true
          },
          {
            "concept": {
              "CONCEPT_ID": 318437,
              "CONCEPT_NAME": "Malignant secondary hypertension",
              "STANDARD_CONCEPT": "S",
              "STANDARD_CONCEPT_CAPTION": "Standard",
              "INVALID_REASON": "V",
              "INVALID_REASON_CAPTION": "Valid",
              "CONCEPT_CODE": "89242004",
              "DOMAIN_ID": "Condition",
              "VOCABULARY_ID": "SNOMED",
              "CONCEPT_CLASS_ID": "Clinical Finding"
            },
            "includeDescendants": true
          },
          {
            "concept": {
              "CONCEPT_ID": 4110947,
              "CONCEPT_NAME": "Malignant secondary renovascular hypertension",
              "STANDARD_CONCEPT": "S",
              "STANDARD_CONCEPT_CAPTION": "Standard",
              "INVALID_REASON": "V",
              "INVALID_REASON_CAPTION": "Valid",
              "CONCEPT_CODE": "194783001",
              "DOMAIN_ID": "Condition",
              "VOCABULARY_ID": "SNOMED",
              "CONCEPT_CLASS_ID": "Clinical Finding"
            },
            "includeDescendants": true
          },
          {
            "concept": {
              "CONCEPT_ID": 4118910,
              "CONCEPT_NAME": "Maternal hypertension",
              "STANDARD_CONCEPT": "S",
              "STANDARD_CONCEPT_CAPTION": "Standard",
              "INVALID_REASON": "V",
              "INVALID_REASON_CAPTION": "Valid",
              "CONCEPT_CODE": "288250001",
              "DOMAIN_ID": "Condition",
              "VOCABULARY_ID": "SNOMED",
              "CONCEPT_CLASS_ID": "Clinical Finding"
            },
            "isExcluded": true
          },
          {
            "concept": {
              "CONCEPT_ID": 314090,
              "CONCEPT_NAME": "Mild pre-eclampsia",
              "STANDARD_CONCEPT": "S",
              "STANDARD_CONCEPT_CAPTION": "Standard",
              "INVALID_REASON": "V",
              "INVALID_REASON_CAPTION": "Valid",
              "CONCEPT_CODE": "41114007",
              "DOMAIN_ID": "Condition",
              "VOCABULARY_ID": "SNOMED",
              "CONCEPT_CLASS_ID": "Clinical Finding"
            },
            "isExcluded": true
          },
          {
            "concept": {
              "CONCEPT_ID": 4034094,
              "CONCEPT_NAME": "Moderate proteinuric hypertension of pregnancy",
              "STANDARD_CONCEPT": "S",
              "STANDARD_CONCEPT_CAPTION": "Standard",
              "INVALID_REASON": "V",
              "INVALID_REASON_CAPTION": "Valid",
              "CONCEPT_CODE": "237281009",
              "DOMAIN_ID": "Condition",
              "VOCABULARY_ID": "SNOMED",
              "CONCEPT_CLASS_ID": "Clinical Finding"
            },
            "isExcluded": true
          },
          {
            "concept": {
              "CONCEPT_ID": 37208293,
              "CONCEPT_NAME": "Multiple drug intolerant hypertension",
              "STANDARD_CONCEPT": "S",
              "STANDARD_CONCEPT_CAPTION": "Standard",
              "INVALID_REASON": "V",
              "INVALID_REASON_CAPTION": "Valid",
              "CONCEPT_CODE": "1078301000112109",
              "DOMAIN_ID": "Observation",
              "VOCABULARY_ID": "SNOMED",
              "CONCEPT_CLASS_ID": "Clinical Finding"
            },
            "includeDescendants": true
          },
          {
            "concept": {
              "CONCEPT_ID": 4071202,
              "CONCEPT_NAME": "Neonatal hypertension",
              "STANDARD_CONCEPT": "S",
              "STANDARD_CONCEPT_CAPTION": "Standard",
              "INVALID_REASON": "V",
              "INVALID_REASON_CAPTION": "Valid",
              "CONCEPT_CODE": "206596003",
              "DOMAIN_ID": "Condition",
              "VOCABULARY_ID": "SNOMED",
              "CONCEPT_CLASS_ID": "Clinical Finding"
            },
            "isExcluded": true
          },
          {
            "concept": {
              "CONCEPT_ID": 44811110,
              "CONCEPT_NAME": "Nocturnal hypertension",
              "STANDARD_CONCEPT": "S",
              "STANDARD_CONCEPT_CAPTION": "Standard",
              "INVALID_REASON": "V",
              "INVALID_REASON_CAPTION": "Valid",
              "CONCEPT_CODE": "863191000000102",
              "DOMAIN_ID": "Condition",
              "VOCABULARY_ID": "SNOMED",
              "CONCEPT_CLASS_ID": "Clinical Finding"
            },
            "includeDescendants": true
          },
          {
            "concept": {
              "CONCEPT_ID": 4146627,
              "CONCEPT_NAME": "Non-proteinuric hypertension of pregnancy",
              "STANDARD_CONCEPT": "S",
              "STANDARD_CONCEPT_CAPTION": "Standard",
              "INVALID_REASON": "V",
              "INVALID_REASON_CAPTION": "Valid",
              "CONCEPT_CODE": "307632004",
              "DOMAIN_ID": "Condition",
              "VOCABULARY_ID": "SNOMED",
              "CONCEPT_CLASS_ID": "Clinical Finding"
            },
            "isExcluded": true
          },
          {
            "concept": {
              "CONCEPT_ID": 4212496,
              "CONCEPT_NAME": "Parenchymal renal hypertension",
              "STANDARD_CONCEPT": "S",
              "STANDARD_CONCEPT_CAPTION": "Standard",
              "INVALID_REASON": "V",
              "INVALID_REASON_CAPTION": "Valid",
              "CONCEPT_CODE": "57684003",
              "DOMAIN_ID": "Condition",
              "VOCABULARY_ID": "SNOMED",
              "CONCEPT_CLASS_ID": "Clinical Finding"
            },
            "includeDescendants": true
          },
          {
            "concept": {
              "CONCEPT_ID": 4049389,
              "CONCEPT_NAME": "Paroxysmal hypertension",
              "STANDARD_CONCEPT": "S",
              "STANDARD_CONCEPT_CAPTION": "Standard",
              "INVALID_REASON": "V",
              "INVALID_REASON_CAPTION": "Valid",
              "CONCEPT_CODE": "23130000",
              "DOMAIN_ID": "Condition",
              "VOCABULARY_ID": "SNOMED",
              "CONCEPT_CLASS_ID": "Clinical Finding"
            },
            "includeDescendants": true
          },
          {
            "concept": {
              "CONCEPT_ID": 762994,
              "CONCEPT_NAME": "Perioperative hypertension",
              "STANDARD_CONCEPT": "S",
              "STANDARD_CONCEPT_CAPTION": "Standard",
              "INVALID_REASON": "V",
              "INVALID_REASON_CAPTION": "Valid",
              "CONCEPT_CODE": "434711000124103",
              "DOMAIN_ID": "Condition",
              "VOCABULARY_ID": "SNOMED",
              "CONCEPT_CLASS_ID": "Clinical Finding"
            },
            "isExcluded": true
          },
          {
            "concept": {
              "CONCEPT_ID": 43021830,
              "CONCEPT_NAME": "Postoperative hypertension",
              "STANDARD_CONCEPT": "S",
              "STANDARD_CONCEPT_CAPTION": "Standard",
              "INVALID_REASON": "V",
              "INVALID_REASON_CAPTION": "Valid",
              "CONCEPT_CODE": "5501000119106",
              "DOMAIN_ID": "Condition",
              "VOCABULARY_ID": "SNOMED",
              "CONCEPT_CLASS_ID": "Clinical Finding"
            },
            "isExcluded": true
          },
          {
            "concept": {
              "CONCEPT_ID": 35622939,
              "CONCEPT_NAME": "Postpartum pre-eclampsia",
              "STANDARD_CONCEPT": "S",
              "STANDARD_CONCEPT_CAPTION": "Standard",
              "INVALID_REASON": "V",
              "INVALID_REASON_CAPTION": "Valid",
              "CONCEPT_CODE": "765182005",
              "DOMAIN_ID": "Condition",
              "VOCABULARY_ID": "SNOMED",
              "CONCEPT_CLASS_ID": "Clinical Finding"
            },
            "isExcluded": true
          },
          {
            "concept": {
              "CONCEPT_ID": 45757787,
              "CONCEPT_NAME": "Postpartum pre-existing essential hypertension",
              "STANDARD_CONCEPT": "S",
              "STANDARD_CONCEPT_CAPTION": "Standard",
              "INVALID_REASON": "V",
              "INVALID_REASON_CAPTION": "Valid",
              "CONCEPT_CODE": "40511000119107",
              "DOMAIN_ID": "Condition",
              "VOCABULARY_ID": "SNOMED",
              "CONCEPT_CLASS_ID": "Clinical Finding"
            },
            "isExcluded": true
          },
          {
            "concept": {
              "CONCEPT_ID": 45757788,
              "CONCEPT_NAME": "Postpartum pregnancy-induced hypertension",
              "STANDARD_CONCEPT": "S",
              "STANDARD_CONCEPT_CAPTION": "Standard",
              "INVALID_REASON": "V",
              "INVALID_REASON_CAPTION": "Valid",
              "CONCEPT_CODE": "40521000119100",
              "DOMAIN_ID": "Condition",
              "VOCABULARY_ID": "SNOMED",
              "CONCEPT_CLASS_ID": "Clinical Finding"
            },
            "isExcluded": true
          },
          {
            "concept": {
              "CONCEPT_ID": 439393,
              "CONCEPT_NAME": "Pre-eclampsia",
              "STANDARD_CONCEPT": "S",
              "STANDARD_CONCEPT_CAPTION": "Standard",
              "INVALID_REASON": "V",
              "INVALID_REASON_CAPTION": "Valid",
              "CONCEPT_CODE": "398254007",
              "DOMAIN_ID": "Condition",
              "VOCABULARY_ID": "SNOMED",
              "CONCEPT_CLASS_ID": "Clinical Finding"
            },
            "isExcluded": true
          },
          {
            "concept": {
              "CONCEPT_ID": 4283352,
              "CONCEPT_NAME": "Pre-eclampsia added to pre-existing hypertension",
              "STANDARD_CONCEPT": "S",
              "STANDARD_CONCEPT_CAPTION": "Standard",
              "INVALID_REASON": "V",
              "INVALID_REASON_CAPTION": "Valid",
              "CONCEPT_CODE": "67359005",
              "DOMAIN_ID": "Condition",
              "VOCABULARY_ID": "SNOMED",
              "CONCEPT_CLASS_ID": "Clinical Finding"
            },
            "isExcluded": true
          },
          {
            "concept": {
              "CONCEPT_ID": 141084,
              "CONCEPT_NAME": "Pre-eclampsia or eclampsia with pre-existing hypertension",
              "STANDARD_CONCEPT": "S",
              "STANDARD_CONCEPT_CAPTION": "Standard",
              "INVALID_REASON": "V",
              "INVALID_REASON_CAPTION": "Valid",
              "CONCEPT_CODE": "198997005",
              "DOMAIN_ID": "Condition",
              "VOCABULARY_ID": "SNOMED",
              "CONCEPT_CLASS_ID": "Clinical Finding"
            },
            "isExcluded": true
          },
          {
            "concept": {
              "CONCEPT_ID": 135601,
              "CONCEPT_NAME": "Pre-eclampsia or eclampsia with pre-existing hypertension - delivered",
              "STANDARD_CONCEPT": "S",
              "STANDARD_CONCEPT_CAPTION": "Standard",
              "INVALID_REASON": "V",
              "INVALID_REASON_CAPTION": "Valid",
              "CONCEPT_CODE": "198999008",
              "DOMAIN_ID": "Condition",
              "VOCABULARY_ID": "SNOMED",
              "CONCEPT_CLASS_ID": "Clinical Finding"
            },
            "isExcluded": true
          },
          {
            "concept": {
              "CONCEPT_ID": 134414,
              "CONCEPT_NAME": "Pre-eclampsia or eclampsia with pre-existing hypertension - delivered with postnatal complication",
              "STANDARD_CONCEPT": "S",
              "STANDARD_CONCEPT_CAPTION": "Standard",
              "INVALID_REASON": "V",
              "INVALID_REASON_CAPTION": "Valid",
              "CONCEPT_CODE": "199000005",
              "DOMAIN_ID": "Condition",
              "VOCABULARY_ID": "SNOMED",
              "CONCEPT_CLASS_ID": "Clinical Finding"
            },
            "isExcluded": true
          },
          {
            "concept": {
              "CONCEPT_ID": 136743,
              "CONCEPT_NAME": "Pre-eclampsia or eclampsia with pre-existing hypertension - not delivered",
              "STANDARD_CONCEPT": "S",
              "STANDARD_CONCEPT_CAPTION": "Standard",
              "INVALID_REASON": "V",
              "INVALID_REASON_CAPTION": "Valid",
              "CONCEPT_CODE": "199002002",
              "DOMAIN_ID": "Condition",
              "VOCABULARY_ID": "SNOMED",
              "CONCEPT_CLASS_ID": "Clinical Finding"
            },
            "isExcluded": true
          },
          {
            "concept": {
              "CONCEPT_ID": 4062550,
              "CONCEPT_NAME": "Pre-eclampsia or eclampsia with pre-existing hypertension with postnatal complication",
              "STANDARD_CONCEPT": "S",
              "STANDARD_CONCEPT_CAPTION": "Standard",
              "INVALID_REASON": "V",
              "INVALID_REASON_CAPTION": "Valid",
              "CONCEPT_CODE": "199003007",
              "DOMAIN_ID": "Condition",
              "VOCABULARY_ID": "SNOMED",
              "CONCEPT_CLASS_ID": "Clinical Finding"
            },
            "isExcluded": true
          },
          {
            "concept": {
              "CONCEPT_ID": 4146816,
              "CONCEPT_NAME": "Pre-existing hypertension complicating AND/OR reason for care during childbirth",
              "STANDARD_CONCEPT": "S",
              "STANDARD_CONCEPT_CAPTION": "Standard",
              "INVALID_REASON": "V",
              "INVALID_REASON_CAPTION": "Valid",
              "CONCEPT_CODE": "34694006",
              "DOMAIN_ID": "Condition",
              "VOCABULARY_ID": "SNOMED",
              "CONCEPT_CLASS_ID": "Clinical Finding"
            },
            "includeDescendants": true
          },
          {
            "concept": {
              "CONCEPT_ID": 4277110,
              "CONCEPT_NAME": "Pre-existing hypertension complicating AND/OR reason for care during pregnancy",
              "STANDARD_CONCEPT": "S",
              "STANDARD_CONCEPT_CAPTION": "Standard",
              "INVALID_REASON": "V",
              "INVALID_REASON_CAPTION": "Valid",
              "CONCEPT_CODE": "65402008",
              "DOMAIN_ID": "Condition",
              "VOCABULARY_ID": "SNOMED",
              "CONCEPT_CLASS_ID": "Clinical Finding"
            },
            "includeDescendants": true
          },
          {
            "concept": {
              "CONCEPT_ID": 4151903,
              "CONCEPT_NAME": "Pre-existing hypertension complicating AND/OR reason for care during puerperium",
              "STANDARD_CONCEPT": "S",
              "STANDARD_CONCEPT_CAPTION": "Standard",
              "INVALID_REASON": "V",
              "INVALID_REASON_CAPTION": "Valid",
              "CONCEPT_CODE": "31407004",
              "DOMAIN_ID": "Condition",
              "VOCABULARY_ID": "SNOMED",
              "CONCEPT_CLASS_ID": "Clinical Finding"
            },
            "includeDescendants": true
          },
          {
            "concept": {
              "CONCEPT_ID": 321074,
              "CONCEPT_NAME": "Pre-existing hypertension complicating pregnancy, childbirth and puerperium",
              "STANDARD_CONCEPT": "S",
              "STANDARD_CONCEPT_CAPTION": "Standard",
              "INVALID_REASON": "V",
              "INVALID_REASON_CAPTION": "Valid",
              "CONCEPT_CODE": "199005000",
              "DOMAIN_ID": "Condition",
              "VOCABULARY_ID": "SNOMED",
              "CONCEPT_CLASS_ID": "Clinical Finding"
            },
            "includeDescendants": true
          },
          {
            "concept": {
              "CONCEPT_ID": 4311246,
              "CONCEPT_NAME": "Pre-existing hypertension in obstetric context",
              "STANDARD_CONCEPT": "S",
              "STANDARD_CONCEPT_CAPTION": "Standard",
              "INVALID_REASON": "V",
              "INVALID_REASON_CAPTION": "Valid",
              "CONCEPT_CODE": "86041002",
              "DOMAIN_ID": "Condition",
              "VOCABULARY_ID": "SNOMED",
              "CONCEPT_CLASS_ID": "Clinical Finding"
            },
            "includeDescendants": true
          },
          {
            "concept": {
              "CONCEPT_ID": 45757356,
              "CONCEPT_NAME": "Pre-existing hypertensive chronic kidney disease in mother complicating pregnancy",
              "STANDARD_CONCEPT": "S",
              "STANDARD_CONCEPT_CAPTION": "Standard",
              "INVALID_REASON": "V",
              "INVALID_REASON_CAPTION": "Valid",
              "CONCEPT_CODE": "118781000119108",
              "DOMAIN_ID": "Condition",
              "VOCABULARY_ID": "SNOMED",
              "CONCEPT_CLASS_ID": "Clinical Finding"
            },
            "includeDescendants": true
          },
          {
            "concept": {
              "CONCEPT_ID": 45757137,
              "CONCEPT_NAME": "Pre-existing hypertensive heart and chronic kidney disease in mother complicating childbirth",
              "STANDARD_CONCEPT": "S",
              "STANDARD_CONCEPT_CAPTION": "Standard",
              "INVALID_REASON": "V",
              "INVALID_REASON_CAPTION": "Valid",
              "CONCEPT_CODE": "10757401000119104",
              "DOMAIN_ID": "Condition",
              "VOCABULARY_ID": "SNOMED",
              "CONCEPT_CLASS_ID": "Clinical Finding"
            },
            "includeDescendants": true
          },
          {
            "concept": {
              "CONCEPT_ID": 4057978,
              "CONCEPT_NAME": "Pre-existing hypertensive heart and renal disease complicating pregnancy, childbirth and the puerperium",
              "STANDARD_CONCEPT": "S",
              "STANDARD_CONCEPT_CAPTION": "Standard",
              "INVALID_REASON": "V",
              "INVALID_REASON_CAPTION": "Valid",
              "CONCEPT_CODE": "199007008",
              "DOMAIN_ID": "Condition",
              "VOCABULARY_ID": "SNOMED",
              "CONCEPT_CLASS_ID": "Clinical Finding"
            },
            "includeDescendants": true
          },
          {
            "concept": {
              "CONCEPT_ID": 4057979,
              "CONCEPT_NAME": "Pre-existing secondary hypertension complicating pregnancy, childbirth and puerperium",
              "STANDARD_CONCEPT": "S",
              "STANDARD_CONCEPT_CAPTION": "Standard",
              "INVALID_REASON": "V",
              "INVALID_REASON_CAPTION": "Valid",
              "CONCEPT_CODE": "199008003",
              "DOMAIN_ID": "Condition",
              "VOCABULARY_ID": "SNOMED",
              "CONCEPT_CLASS_ID": "Clinical Finding"
            },
            "includeDescendants": true
          },
          {
            "concept": {
              "CONCEPT_ID": 44784483,
              "CONCEPT_NAME": "Pregnancy induced hypertension with pulmonary edema",
              "STANDARD_CONCEPT": "S",
              "STANDARD_CONCEPT_CAPTION": "Standard",
              "INVALID_REASON": "V",
              "INVALID_REASON_CAPTION": "Valid",
              "CONCEPT_CODE": "698638005",
              "DOMAIN_ID": "Condition",
              "VOCABULARY_ID": "SNOMED",
              "CONCEPT_CLASS_ID": "Clinical Finding"
            },
            "isExcluded": true
          },
          {
            "concept": {
              "CONCEPT_ID": 4167493,
              "CONCEPT_NAME": "Pregnancy-induced hypertension",
              "STANDARD_CONCEPT": "S",
              "STANDARD_CONCEPT_CAPTION": "Standard",
              "INVALID_REASON": "V",
              "INVALID_REASON_CAPTION": "Valid",
              "CONCEPT_CODE": "48194001",
              "DOMAIN_ID": "Condition",
              "VOCABULARY_ID": "SNOMED",
              "CONCEPT_CLASS_ID": "Clinical Finding"
            },
            "isExcluded": true
          },
          {
            "concept": {
              "CONCEPT_ID": 4221991,
              "CONCEPT_NAME": "Rebound hypertension",
              "STANDARD_CONCEPT": "S",
              "STANDARD_CONCEPT_CAPTION": "Standard",
              "INVALID_REASON": "V",
              "INVALID_REASON_CAPTION": "Valid",
              "CONCEPT_CODE": "84094009",
              "DOMAIN_ID": "Condition",
              "VOCABULARY_ID": "SNOMED",
              "CONCEPT_CLASS_ID": "Clinical Finding"
            },
            "isExcluded": true
          },
          {
            "concept": {
              "CONCEPT_ID": 4305599,
              "CONCEPT_NAME": "Renal arterial hypertension",
              "STANDARD_CONCEPT": "S",
              "STANDARD_CONCEPT_CAPTION": "Standard",
              "INVALID_REASON": "V",
              "INVALID_REASON_CAPTION": "Valid",
              "CONCEPT_CODE": "39018007",
              "DOMAIN_ID": "Condition",
              "VOCABULARY_ID": "SNOMED",
              "CONCEPT_CLASS_ID": "Clinical Finding"
            },
            "isExcluded": true
          },
          {
            "concept": {
              "CONCEPT_ID": 443771,
              "CONCEPT_NAME": "Renal hypertension",
              "STANDARD_CONCEPT": "S",
              "STANDARD_CONCEPT_CAPTION": "Standard",
              "INVALID_REASON": "V",
              "INVALID_REASON_CAPTION": "Valid",
              "CONCEPT_CODE": "28119000",
              "DOMAIN_ID": "Condition",
              "VOCABULARY_ID": "SNOMED",
              "CONCEPT_CLASS_ID": "Clinical Finding"
            },
            "includeDescendants": true
          },
          {
            "concept": {
              "CONCEPT_ID": 197930,
              "CONCEPT_NAME": "Renal hypertension complicating pregnancy, childbirth and the puerperium",
              "STANDARD_CONCEPT": "S",
              "STANDARD_CONCEPT_CAPTION": "Standard",
              "INVALID_REASON": "V",
              "INVALID_REASON_CAPTION": "Valid",
              "CONCEPT_CODE": "198949009",
              "DOMAIN_ID": "Condition",
              "VOCABULARY_ID": "SNOMED",
              "CONCEPT_CLASS_ID": "Clinical Finding"
            },
            "isExcluded": true
          },
          {
            "concept": {
              "CONCEPT_ID": 200157,
              "CONCEPT_NAME": "Renal hypertension complicating pregnancy, childbirth and the puerperium - delivered",
              "STANDARD_CONCEPT": "S",
              "STANDARD_CONCEPT_CAPTION": "Standard",
              "INVALID_REASON": "V",
              "INVALID_REASON_CAPTION": "Valid",
              "CONCEPT_CODE": "198951008",
              "DOMAIN_ID": "Condition",
              "VOCABULARY_ID": "SNOMED",
              "CONCEPT_CLASS_ID": "Clinical Finding"
            },
            "isExcluded": true
          },
          {
            "concept": {
              "CONCEPT_ID": 201912,
              "CONCEPT_NAME": "Renal hypertension complicating pregnancy, childbirth and the puerperium - delivered with postnatal complication",
              "STANDARD_CONCEPT": "S",
              "STANDARD_CONCEPT_CAPTION": "Standard",
              "INVALID_REASON": "V",
              "INVALID_REASON_CAPTION": "Valid",
              "CONCEPT_CODE": "198952001",
              "DOMAIN_ID": "Condition",
              "VOCABULARY_ID": "SNOMED",
              "CONCEPT_CLASS_ID": "Clinical Finding"
            },
            "isExcluded": true
          },
          {
            "concept": {
              "CONCEPT_ID": 192684,
              "CONCEPT_NAME": "Renal hypertension complicating pregnancy, childbirth and the puerperium - not delivered",
              "STANDARD_CONCEPT": "S",
              "STANDARD_CONCEPT_CAPTION": "Standard",
              "INVALID_REASON": "V",
              "INVALID_REASON_CAPTION": "Valid",
              "CONCEPT_CODE": "198953006",
              "DOMAIN_ID": "Condition",
              "VOCABULARY_ID": "SNOMED",
              "CONCEPT_CLASS_ID": "Clinical Finding"
            },
            "isExcluded": true
          },
          {
            "concept": {
              "CONCEPT_ID": 4032952,
              "CONCEPT_NAME": "Renal sclerosis with hypertension",
              "STANDARD_CONCEPT": "S",
              "STANDARD_CONCEPT_CAPTION": "Standard",
              "INVALID_REASON": "V",
              "INVALID_REASON_CAPTION": "Valid",
              "CONCEPT_CODE": "14973001",
              "DOMAIN_ID": "Condition",
              "VOCABULARY_ID": "SNOMED",
              "CONCEPT_CLASS_ID": "Clinical Finding"
            },
            "includeDescendants": true
          },
          {
            "concept": {
              "CONCEPT_ID": 317895,
              "CONCEPT_NAME": "Renovascular hypertension",
              "STANDARD_CONCEPT": "S",
              "STANDARD_CONCEPT_CAPTION": "Standard",
              "INVALID_REASON": "V",
              "INVALID_REASON_CAPTION": "Valid",
              "CONCEPT_CODE": "123799005",
              "DOMAIN_ID": "Condition",
              "VOCABULARY_ID": "SNOMED",
              "CONCEPT_CLASS_ID": "Clinical Finding"
            },
            "includeDescendants": true
          },
          {
            "concept": {
              "CONCEPT_ID": 37208172,
              "CONCEPT_NAME": "Resistant hypertensive disorder",
              "STANDARD_CONCEPT": "S",
              "STANDARD_CONCEPT_CAPTION": "Standard",
              "INVALID_REASON": "V",
              "INVALID_REASON_CAPTION": "Valid",
              "CONCEPT_CODE": "461301000124109",
              "DOMAIN_ID": "Condition",
              "VOCABULARY_ID": "SNOMED",
              "CONCEPT_CLASS_ID": "Clinical Finding"
            },
            "includeDescendants": true
          },
          {
            "concept": {
              "CONCEPT_ID": 4253928,
              "CONCEPT_NAME": "Secondary diastolic hypertension",
              "STANDARD_CONCEPT": "S",
              "STANDARD_CONCEPT_CAPTION": "Standard",
              "INVALID_REASON": "V",
              "INVALID_REASON_CAPTION": "Valid",
              "CONCEPT_CODE": "74451002",
              "DOMAIN_ID": "Condition",
              "VOCABULARY_ID": "SNOMED",
              "CONCEPT_CLASS_ID": "Clinical Finding"
            },
            "includeDescendants": true
          },
          {
            "concept": {
              "CONCEPT_ID": 319826,
              "CONCEPT_NAME": "Secondary hypertension",
              "STANDARD_CONCEPT": "S",
              "STANDARD_CONCEPT_CAPTION": "Standard",
              "INVALID_REASON": "V",
              "INVALID_REASON_CAPTION": "Valid",
              "CONCEPT_CODE": "31992008",
              "DOMAIN_ID": "Condition",
              "VOCABULARY_ID": "SNOMED",
              "CONCEPT_CLASS_ID": "Clinical Finding"
            },
            "includeDescendants": true
          },
          {
            "concept": {
              "CONCEPT_ID": 44809027,
              "CONCEPT_NAME": "Severe hypertension (NICE - National Institute for Health and Clinical Excellence 2011)",
              "STANDARD_CONCEPT": "S",
              "STANDARD_CONCEPT_CAPTION": "Standard",
              "INVALID_REASON": "V",
              "INVALID_REASON_CAPTION": "Valid",
              "CONCEPT_CODE": "843841000000109",
              "DOMAIN_ID": "Condition",
              "VOCABULARY_ID": "SNOMED",
              "CONCEPT_CLASS_ID": "Clinical Finding"
            },
            "includeDescendants": true
          },
          {
            "concept": {
              "CONCEPT_ID": 433536,
              "CONCEPT_NAME": "Severe pre-eclampsia",
              "STANDARD_CONCEPT": "S",
              "STANDARD_CONCEPT_CAPTION": "Standard",
              "INVALID_REASON": "V",
              "INVALID_REASON_CAPTION": "Valid",
              "CONCEPT_CODE": "46764007",
              "DOMAIN_ID": "Condition",
              "VOCABULARY_ID": "SNOMED",
              "CONCEPT_CLASS_ID": "Clinical Finding"
            },
            "isExcluded": true
          },
          {
            "concept": {
              "CONCEPT_ID": 438490,
              "CONCEPT_NAME": "Severe pre-eclampsia - delivered",
              "STANDARD_CONCEPT": "S",
              "STANDARD_CONCEPT_CAPTION": "Standard",
              "INVALID_REASON": "V",
              "INVALID_REASON_CAPTION": "Valid",
              "CONCEPT_CODE": "198983002",
              "DOMAIN_ID": "Condition",
              "VOCABULARY_ID": "SNOMED",
              "CONCEPT_CLASS_ID": "Clinical Finding"
            },
            "isExcluded": true
          },
          {
            "concept": {
              "CONCEPT_ID": 439077,
              "CONCEPT_NAME": "Severe pre-eclampsia - delivered with postnatal complication",
              "STANDARD_CONCEPT": "S",
              "STANDARD_CONCEPT_CAPTION": "Standard",
              "INVALID_REASON": "V",
              "INVALID_REASON_CAPTION": "Valid",
              "CONCEPT_CODE": "198984008",
              "DOMAIN_ID": "Condition",
              "VOCABULARY_ID": "SNOMED",
              "CONCEPT_CLASS_ID": "Clinical Finding"
            },
            "isExcluded": true
          },
          {
            "concept": {
              "CONCEPT_ID": 132685,
              "CONCEPT_NAME": "Severe pre-eclampsia - not delivered",
              "STANDARD_CONCEPT": "S",
              "STANDARD_CONCEPT_CAPTION": "Standard",
              "INVALID_REASON": "V",
              "INVALID_REASON_CAPTION": "Valid",
              "CONCEPT_CODE": "198985009",
              "DOMAIN_ID": "Condition",
              "VOCABULARY_ID": "SNOMED",
              "CONCEPT_CLASS_ID": "Clinical Finding"
            },
            "isExcluded": true
          },
          {
            "concept": {
              "CONCEPT_ID": 4057976,
              "CONCEPT_NAME": "Severe pre-eclampsia with postnatal complication",
              "STANDARD_CONCEPT": "S",
              "STANDARD_CONCEPT_CAPTION": "Standard",
              "INVALID_REASON": "V",
              "INVALID_REASON_CAPTION": "Valid",
              "CONCEPT_CODE": "198986005",
              "DOMAIN_ID": "Condition",
              "VOCABULARY_ID": "SNOMED",
              "CONCEPT_CLASS_ID": "Clinical Finding"
            },
            "isExcluded": true
          },
          {
            "concept": {
              "CONCEPT_ID": 44809026,
              "CONCEPT_NAME": "Stage 1 hypertension (NICE - National Institute for Health and Clinical Excellence 2011)",
              "STANDARD_CONCEPT": "S",
              "STANDARD_CONCEPT_CAPTION": "Standard",
              "INVALID_REASON": "V",
              "INVALID_REASON_CAPTION": "Valid",
              "CONCEPT_CODE": "843821000000102",
              "DOMAIN_ID": "Condition",
              "VOCABULARY_ID": "SNOMED",
              "CONCEPT_CLASS_ID": "Clinical Finding"
            },
            "includeDescendants": true
          },
          {
            "concept": {
              "CONCEPT_ID": 44811933,
              "CONCEPT_NAME": "Stage 1 hypertension (NICE 2011) with evidence of end organ damage",
              "STANDARD_CONCEPT": "S",
              "STANDARD_CONCEPT_CAPTION": "Standard",
              "INVALID_REASON": "V",
              "INVALID_REASON_CAPTION": "Valid",
              "CONCEPT_CODE": "908651000000101",
              "DOMAIN_ID": "Condition",
              "VOCABULARY_ID": "SNOMED",
              "CONCEPT_CLASS_ID": "Clinical Finding"
            },
            "includeDescendants": true
          },
          {
            "concept": {
              "CONCEPT_ID": 44811932,
              "CONCEPT_NAME": "Stage 1 hypertension (NICE 2011) without evidence of end organ damage",
              "STANDARD_CONCEPT": "S",
              "STANDARD_CONCEPT_CAPTION": "Standard",
              "INVALID_REASON": "V",
              "INVALID_REASON_CAPTION": "Valid",
              "CONCEPT_CODE": "908631000000108",
              "DOMAIN_ID": "Condition",
              "VOCABULARY_ID": "SNOMED",
              "CONCEPT_CLASS_ID": "Clinical Finding"
            },
            "includeDescendants": true
          },
          {
            "concept": {
              "CONCEPT_ID": 44809569,
              "CONCEPT_NAME": "Stage 2 hypertension (NICE - National Institute for Health and Clinical Excellence 2011)",
              "STANDARD_CONCEPT": "S",
              "STANDARD_CONCEPT_CAPTION": "Standard",
              "INVALID_REASON": "V",
              "INVALID_REASON_CAPTION": "Valid",
              "CONCEPT_CODE": "846371000000103",
              "DOMAIN_ID": "Condition",
              "VOCABULARY_ID": "SNOMED",
              "CONCEPT_CLASS_ID": "Clinical Finding"
            },
            "includeDescendants": true
          },
          {
            "concept": {
              "CONCEPT_ID": 37016726,
              "CONCEPT_NAME": "Supine hypertension",
              "STANDARD_CONCEPT": "S",
              "STANDARD_CONCEPT_CAPTION": "Standard",
              "INVALID_REASON": "V",
              "INVALID_REASON_CAPTION": "Valid",
              "CONCEPT_CODE": "712832005",
              "DOMAIN_ID": "Condition",
              "VOCABULARY_ID": "SNOMED",
              "CONCEPT_CLASS_ID": "Clinical Finding"
            },
            "includeDescendants": true
          },
          {
            "concept": {
              "CONCEPT_ID": 4242878,
              "CONCEPT_NAME": "Sustained diastolic hypertension",
              "STANDARD_CONCEPT": "S",
              "STANDARD_CONCEPT_CAPTION": "Standard",
              "INVALID_REASON": "V",
              "INVALID_REASON_CAPTION": "Valid",
              "CONCEPT_CODE": "59720008",
              "DOMAIN_ID": "Condition",
              "VOCABULARY_ID": "SNOMED",
              "CONCEPT_CLASS_ID": "Clinical Finding"
            },
            "includeDescendants": true
          },
          {
            "concept": {
              "CONCEPT_ID": 4180283,
              "CONCEPT_NAME": "Systolic essential hypertension",
              "STANDARD_CONCEPT": "S",
              "STANDARD_CONCEPT_CAPTION": "Standard",
              "INVALID_REASON": "V",
              "INVALID_REASON_CAPTION": "Valid",
              "CONCEPT_CODE": "429457004",
              "DOMAIN_ID": "Condition",
              "VOCABULARY_ID": "SNOMED",
              "CONCEPT_CLASS_ID": "Clinical Finding"
            },
            "includeDescendants": true
          },
          {
            "concept": {
              "CONCEPT_ID": 4209293,
              "CONCEPT_NAME": "Systolic hypertension",
              "STANDARD_CONCEPT": "S",
              "STANDARD_CONCEPT_CAPTION": "Standard",
              "INVALID_REASON": "V",
              "INVALID_REASON_CAPTION": "Valid",
              "CONCEPT_CODE": "56218007",
              "DOMAIN_ID": "Condition",
              "VOCABULARY_ID": "SNOMED",
              "CONCEPT_CLASS_ID": "Clinical Finding"
            },
            "includeDescendants": true
          },
          {
            "concept": {
              "CONCEPT_ID": 4035655,
              "CONCEPT_NAME": "Toxemia of pregnancy",
              "STANDARD_CONCEPT": "N",
              "STANDARD_CONCEPT_CAPTION": "Non-Standard",
              "INVALID_REASON": "U",
              "INVALID_REASON_CAPTION": "Invalid",
              "CONCEPT_CODE": "15394000",
              "DOMAIN_ID": "Condition",
              "VOCABULARY_ID": "SNOMED",
              "CONCEPT_CLASS_ID": "Clinical Finding"
            },
            "isExcluded": true
          },
          {
            "concept": {
              "CONCEPT_ID": 4199306,
              "CONCEPT_NAME": "Transient hypertension",
              "STANDARD_CONCEPT": "S",
              "STANDARD_CONCEPT_CAPTION": "Standard",
              "INVALID_REASON": "V",
              "INVALID_REASON_CAPTION": "Valid",
              "CONCEPT_CODE": "52698002",
              "DOMAIN_ID": "Condition",
              "VOCABULARY_ID": "SNOMED",
              "CONCEPT_CLASS_ID": "Clinical Finding"
            },
            "isExcluded": true
          },
          {
            "concept": {
              "CONCEPT_ID": 441922,
              "CONCEPT_NAME": "Transient hypertension of pregnancy",
              "STANDARD_CONCEPT": "S",
              "STANDARD_CONCEPT_CAPTION": "Standard",
              "INVALID_REASON": "V",
              "INVALID_REASON_CAPTION": "Valid",
              "CONCEPT_CODE": "237279007",
              "DOMAIN_ID": "Condition",
              "VOCABULARY_ID": "SNOMED",
              "CONCEPT_CLASS_ID": "Clinical Finding"
            },
            "isExcluded": true
          },
          {
            "concept": {
              "CONCEPT_ID": 137940,
              "CONCEPT_NAME": "Transient hypertension of pregnancy - delivered",
              "STANDARD_CONCEPT": "S",
              "STANDARD_CONCEPT_CAPTION": "Standard",
              "INVALID_REASON": "V",
              "INVALID_REASON_CAPTION": "Valid",
              "CONCEPT_CODE": "198965005",
              "DOMAIN_ID": "Condition",
              "VOCABULARY_ID": "SNOMED",
              "CONCEPT_CLASS_ID": "Clinical Finding"
            },
            "isExcluded": true
          },
          {
            "concept": {
              "CONCEPT_ID": 141639,
              "CONCEPT_NAME": "Transient hypertension of pregnancy - delivered with postnatal complication",
              "STANDARD_CONCEPT": "S",
              "STANDARD_CONCEPT_CAPTION": "Standard",
              "INVALID_REASON": "V",
              "INVALID_REASON_CAPTION": "Valid",
              "CONCEPT_CODE": "198966006",
              "DOMAIN_ID": "Condition",
              "VOCABULARY_ID": "SNOMED",
              "CONCEPT_CLASS_ID": "Clinical Finding"
            },
            "isExcluded": true
          },
          {
            "concept": {
              "CONCEPT_ID": 136760,
              "CONCEPT_NAME": "Transient hypertension of pregnancy - not delivered",
              "STANDARD_CONCEPT": "S",
              "STANDARD_CONCEPT_CAPTION": "Standard",
              "INVALID_REASON": "V",
              "INVALID_REASON_CAPTION": "Valid",
              "CONCEPT_CODE": "198967002",
              "DOMAIN_ID": "Condition",
              "VOCABULARY_ID": "SNOMED",
              "CONCEPT_CLASS_ID": "Clinical Finding"
            },
            "isExcluded": true
          },
          {
            "concept": {
              "CONCEPT_ID": 4062906,
              "CONCEPT_NAME": "Transient hypertension of pregnancy with postnatal complication",
              "STANDARD_CONCEPT": "S",
              "STANDARD_CONCEPT_CAPTION": "Standard",
              "INVALID_REASON": "V",
              "INVALID_REASON_CAPTION": "Valid",
              "CONCEPT_CODE": "198968007",
              "DOMAIN_ID": "Condition",
              "VOCABULARY_ID": "SNOMED",
              "CONCEPT_CLASS_ID": "Clinical Finding"
            },
            "isExcluded": true
          }
        ]
      }
    },
    {
      "id": 1,
      "name": "[OCOH] gender identity disorder",
      "expression": {
        "items": [
          {
            "concept": {
              "CONCEPT_ID": 4338512,
              "CONCEPT_NAME": "Gender identity disorder",
              "STANDARD_CONCEPT": "S",
              "STANDARD_CONCEPT_CAPTION": "Standard",
              "INVALID_REASON": "V",
              "INVALID_REASON_CAPTION": "Valid",
              "CONCEPT_CODE": "87991007",
              "DOMAIN_ID": "Condition",
              "VOCABULARY_ID": "SNOMED",
              "CONCEPT_CLASS_ID": "Clinical Finding"
            },
            "includeDescendants": true
          }
        ]
      }
    },
    {
      "id": 2,
      "name": "[OCOH] transgender - condition",
      "expression": {
        "items": [
          {
            "concept": {
              "CONCEPT_ID": 45613639,
              "CONCEPT_NAME": "Transgendered Persons",
              "STANDARD_CONCEPT": "N",
              "STANDARD_CONCEPT_CAPTION": "Non-Standard",
              "INVALID_REASON": "D",
              "INVALID_REASON_CAPTION": "Invalid",
              "CONCEPT_CODE": "D063106",
              "DOMAIN_ID": "Condition",
              "VOCABULARY_ID": "MeSH",
              "CONCEPT_CLASS_ID": "Condition"
            },
            "includeDescendants": true
          },
          {
            "concept": {
              "CONCEPT_ID": 4231241,
              "CONCEPT_NAME": "Transsexual",
              "STANDARD_CONCEPT": "S",
              "STANDARD_CONCEPT_CAPTION": "Standard",
              "INVALID_REASON": "V",
              "INVALID_REASON_CAPTION": "Valid",
              "CONCEPT_CODE": "407374003",
              "DOMAIN_ID": "Condition",
              "VOCABULARY_ID": "SNOMED",
              "CONCEPT_CLASS_ID": "Clinical Finding"
            },
            "includeDescendants": true
          },
          {
            "concept": {
              "CONCEPT_ID": 37200330,
              "CONCEPT_NAME": "Transsexualism",
              "STANDARD_CONCEPT": "N",
              "STANDARD_CONCEPT_CAPTION": "Non-Standard",
              "INVALID_REASON": "V",
              "INVALID_REASON_CAPTION": "Valid",
              "CONCEPT_CODE": "F64.0",
              "DOMAIN_ID": "Condition",
              "VOCABULARY_ID": "ICD10CM",
              "CONCEPT_CLASS_ID": "4-char billing code"
            },
            "includeDescendants": true
          }
        ]
      }
    }
  ],
  "PrimaryCriteria": {
    "CriteriaList": [
      {
        "ConditionOccurrence": {
          "CodesetId": 0
        }
      }
    ],
    "ObservationWindow": {
      "PriorDays": 0,
      "PostDays": 0
    },
    "PrimaryCriteriaLimit": {
      "Type": "First"
    }
  },
  "QualifiedLimit": {
    "Type": "First"
  },
  "ExpressionLimit": {
    "Type": "First"
  },
  "InclusionRules": [
    {
      "name": "gender identity disorder or transgender",
      "expression": {
        "Type": "ANY",
        "CriteriaList": [
          {
            "Criteria": {
              "ConditionOccurrence": {
                "CodesetId": 1
              }
            },
            "StartWindow": {
              "Start": {
                "Coeff": -1
              },
              "End": {
                "Coeff": 1
              },
              "UseEventEnd": false
            },
            "Occurrence": {
              "Type": 2,
              "Count": 1
            }
          },
          {
            "Criteria": {
              "ConditionOccurrence": {
                "CodesetId": 2
              }
            },
            "StartWindow": {
              "Start": {
                "Coeff": -1
              },
              "End": {
                "Coeff": 1
              },
              "UseEventEnd": false
            },
            "Occurrence": {
              "Type": 2,
              "Count": 1
            }
          }
        ],
        "DemographicCriteriaList": [],
        "Groups": []
      }
    }
  ],
  "CensoringCriteria": [],
  "CollapseSettings": {
    "CollapseType": "ERA",
    "EraPad": 0
  },
  "CensorWindow": {},
  "cdmVersionRange": ">=5.0.0"
}