{
  "ConceptSets": [
    {
      "id": 0,
      "name": "[OCOH] sudden cardiac death - condition/observation",
      "expression": {
        "items": [
          {
            "concept": {
              "CONCEPT_ID": 4048809,
              "CONCEPT_NAME": "Brainstem death",
              "STANDARD_CONCEPT": "S",
              "STANDARD_CONCEPT_CAPTION": "Standard",
              "INVALID_REASON": "V",
              "INVALID_REASON_CAPTION": "Valid",
              "CONCEPT_CODE": "230802007",
              "DOMAIN_ID": "Condition",
              "VOCABULARY_ID": "SNOMED",
              "CONCEPT_CLASS_ID": "Clinical Finding"
            },
            "includeDescendants": true
          },
          {
            "concept": {
              "CONCEPT_ID": 321042,
              "CONCEPT_NAME": "Cardiac arrest",
              "STANDARD_CONCEPT": "S",
              "STANDARD_CONCEPT_CAPTION": "Standard",
              "INVALID_REASON": "V",
              "INVALID_REASON_CAPTION": "Valid",
              "CONCEPT_CODE": "410429000",
              "DOMAIN_ID": "Condition",
              "VOCABULARY_ID": "SNOMED",
              "CONCEPT_CLASS_ID": "Clinical Finding"
            },
            "includeDescendants": true
          },
          {
            "concept": {
              "CONCEPT_ID": 442289,
              "CONCEPT_NAME": "Death in less than 24 hours from onset of symptoms",
              "STANDARD_CONCEPT": "S",
              "STANDARD_CONCEPT_CAPTION": "Standard",
              "INVALID_REASON": "V",
              "INVALID_REASON_CAPTION": "Valid",
              "CONCEPT_CODE": "53559009",
              "DOMAIN_ID": "Observation",
              "VOCABULARY_ID": "SNOMED",
              "CONCEPT_CLASS_ID": "Event"
            },
            "includeDescendants": true
          },
          {
            "concept": {
              "CONCEPT_ID": 4317150,
              "CONCEPT_NAME": "Sudden cardiac death",
              "STANDARD_CONCEPT": "S",
              "STANDARD_CONCEPT_CAPTION": "Standard",
              "INVALID_REASON": "V",
              "INVALID_REASON_CAPTION": "Valid",
              "CONCEPT_CODE": "95281009",
              "DOMAIN_ID": "Condition",
              "VOCABULARY_ID": "SNOMED",
              "CONCEPT_CLASS_ID": "Clinical Finding"
            },
            "includeDescendants": true
          },
          {
            "concept": {
              "CONCEPT_ID": 4132309,
              "CONCEPT_NAME": "Sudden death",
              "STANDARD_CONCEPT": "S",
              "STANDARD_CONCEPT_CAPTION": "Standard",
              "INVALID_REASON": "V",
              "INVALID_REASON_CAPTION": "Valid",
              "CONCEPT_CODE": "26636000",
              "DOMAIN_ID": "Observation",
              "VOCABULARY_ID": "SNOMED",
              "CONCEPT_CLASS_ID": "Event"
            },
            "includeDescendants": true
          },
          {
            "concept": {
              "CONCEPT_ID": 437894,
              "CONCEPT_NAME": "Ventricular fibrillation",
              "STANDARD_CONCEPT": "S",
              "STANDARD_CONCEPT_CAPTION": "Standard",
              "INVALID_REASON": "V",
              "INVALID_REASON_CAPTION": "Valid",
              "CONCEPT_CODE": "71908006",
              "DOMAIN_ID": "Condition",
              "VOCABULARY_ID": "SNOMED",
              "CONCEPT_CLASS_ID": "Clinical Finding"
            },
            "isExcluded": true,
            "includeDescendants": true
          }
        ]
      }
    },
    {
      "id": 1,
      "name": "[OCOH] stents and angioplasty - procedure",
      "expression": {
        "items": [
          {
            "concept": {
              "CONCEPT_ID": 4171077,
              "CONCEPT_NAME": "Fluoroscopic angiography of coronary artery with contrast and insertion of stent",
              "STANDARD_CONCEPT": "S",
              "STANDARD_CONCEPT_CAPTION": "Standard",
              "INVALID_REASON": "V",
              "INVALID_REASON_CAPTION": "Valid",
              "CONCEPT_CODE": "418982001",
              "DOMAIN_ID": "Procedure",
              "VOCABULARY_ID": "SNOMED",
              "CONCEPT_CLASS_ID": "Procedure"
            }
          },
          {
            "concept": {
              "CONCEPT_ID": 4328103,
              "CONCEPT_NAME": "Infusion of intra-arterial thrombolytic agent with percutaneous transluminal coronary angioplasty",
              "STANDARD_CONCEPT": "S",
              "STANDARD_CONCEPT_CAPTION": "Standard",
              "INVALID_REASON": "V",
              "INVALID_REASON_CAPTION": "Valid",
              "CONCEPT_CODE": "75761004",
              "DOMAIN_ID": "Procedure",
              "VOCABULARY_ID": "SNOMED",
              "CONCEPT_CLASS_ID": "Procedure"
            }
          },
          {
            "concept": {
              "CONCEPT_ID": 4216356,
              "CONCEPT_NAME": "Infusion of intra-arterial thrombolytic agent with percutaneous transluminal coronary angioplasty, multiple vessels",
              "STANDARD_CONCEPT": "S",
              "STANDARD_CONCEPT_CAPTION": "Standard",
              "INVALID_REASON": "V",
              "INVALID_REASON_CAPTION": "Valid",
              "CONCEPT_CODE": "80762004",
              "DOMAIN_ID": "Procedure",
              "VOCABULARY_ID": "SNOMED",
              "CONCEPT_CLASS_ID": "Procedure"
            }
          },
          {
            "concept": {
              "CONCEPT_ID": 4238755,
              "CONCEPT_NAME": "Infusion of intra-arterial thrombolytic agent with percutaneous transluminal coronary angioplasty, single vessel",
              "STANDARD_CONCEPT": "S",
              "STANDARD_CONCEPT_CAPTION": "Standard",
              "INVALID_REASON": "V",
              "INVALID_REASON_CAPTION": "Valid",
              "CONCEPT_CODE": "91338001",
              "DOMAIN_ID": "Procedure",
              "VOCABULARY_ID": "SNOMED",
              "CONCEPT_CLASS_ID": "Procedure"
            }
          },
          {
            "concept": {
              "CONCEPT_ID": 4214516,
              "CONCEPT_NAME": "Insertion of drug coated stent",
              "STANDARD_CONCEPT": "N",
              "STANDARD_CONCEPT_CAPTION": "Non-Standard",
              "INVALID_REASON": "D",
              "INVALID_REASON_CAPTION": "Invalid",
              "CONCEPT_CODE": "414509005",
              "DOMAIN_ID": "Procedure",
              "VOCABULARY_ID": "SNOMED",
              "CONCEPT_CLASS_ID": "Procedure"
            }
          },
          {
            "concept": {
              "CONCEPT_ID": 44789455,
              "CONCEPT_NAME": "Insertion of drug-eluting coronary artery stent",
              "STANDARD_CONCEPT": "S",
              "STANDARD_CONCEPT_CAPTION": "Standard",
              "INVALID_REASON": "V",
              "INVALID_REASON_CAPTION": "Valid",
              "CONCEPT_CODE": "203741000000101",
              "DOMAIN_ID": "Procedure",
              "VOCABULARY_ID": "SNOMED",
              "CONCEPT_CLASS_ID": "Procedure"
            }
          },
          {
            "concept": {
              "CONCEPT_ID": 2001506,
              "CONCEPT_NAME": "Insertion of drug-eluting coronary artery stent(s)",
              "STANDARD_CONCEPT": "N",
              "STANDARD_CONCEPT_CAPTION": "Non-Standard",
              "INVALID_REASON": "V",
              "INVALID_REASON_CAPTION": "Valid",
              "CONCEPT_CODE": "36.07",
              "DOMAIN_ID": "Procedure",
              "VOCABULARY_ID": "ICD9Proc",
              "CONCEPT_CLASS_ID": "4-dig billing code"
            }
          },
          {
            "concept": {
              "CONCEPT_ID": 2001505,
              "CONCEPT_NAME": "Insertion of non-drug-eluting coronary artery stent(s)",
              "STANDARD_CONCEPT": "N",
              "STANDARD_CONCEPT_CAPTION": "Non-Standard",
              "INVALID_REASON": "V",
              "INVALID_REASON_CAPTION": "Valid",
              "CONCEPT_CODE": "36.06",
              "DOMAIN_ID": "Procedure",
              "VOCABULARY_ID": "ICD9Proc",
              "CONCEPT_CLASS_ID": "4-dig billing code"
            }
          },
          {
            "concept": {
              "CONCEPT_ID": 4337738,
              "CONCEPT_NAME": "Percutaneous endarterectomy of coronary artery",
              "STANDARD_CONCEPT": "S",
              "STANDARD_CONCEPT_CAPTION": "Standard",
              "INVALID_REASON": "V",
              "INVALID_REASON_CAPTION": "Valid",
              "CONCEPT_CODE": "232726007",
              "DOMAIN_ID": "Procedure",
              "VOCABULARY_ID": "SNOMED",
              "CONCEPT_CLASS_ID": "Procedure"
            },
            "includeDescendants": true
          },
          {
            "concept": {
              "CONCEPT_ID": 43531439,
              "CONCEPT_NAME": "Fluoroscopy guided percutaneous insertion of drug eluting stent into coronary artery with contrast",
              "STANDARD_CONCEPT": "S",
              "STANDARD_CONCEPT_CAPTION": "Standard",
              "INVALID_REASON": "V",
              "INVALID_REASON_CAPTION": "Valid",
              "CONCEPT_CODE": "609153008",
              "DOMAIN_ID": "Procedure",
              "VOCABULARY_ID": "SNOMED",
              "CONCEPT_CLASS_ID": "Procedure"
            }
          },
          {
            "concept": {
              "CONCEPT_ID": 43531438,
              "CONCEPT_NAME": "Percutaneous insertion of stent into aneurysm of coronary artery using fluoroscopic guidance with contrast",
              "STANDARD_CONCEPT": "S",
              "STANDARD_CONCEPT_CAPTION": "Standard",
              "INVALID_REASON": "V",
              "INVALID_REASON_CAPTION": "Valid",
              "CONCEPT_CODE": "609152003",
              "DOMAIN_ID": "Procedure",
              "VOCABULARY_ID": "SNOMED",
              "CONCEPT_CLASS_ID": "Procedure"
            }
          },
          {
            "concept": {
              "CONCEPT_ID": 4264286,
              "CONCEPT_NAME": "Percutaneous rotational coronary endarterectomy",
              "STANDARD_CONCEPT": "S",
              "STANDARD_CONCEPT_CAPTION": "Standard",
              "INVALID_REASON": "V",
              "INVALID_REASON_CAPTION": "Valid",
              "CONCEPT_CODE": "397194000",
              "DOMAIN_ID": "Procedure",
              "VOCABULARY_ID": "SNOMED",
              "CONCEPT_CLASS_ID": "Procedure"
            }
          },
          {
            "concept": {
              "CONCEPT_ID": 43533247,
              "CONCEPT_NAME": "Percutaneous transcatheter placement of drug eluting intracoronary stent(s), with coronary angioplasty when performed; single major coronary artery or branch",
              "STANDARD_CONCEPT": "S",
              "STANDARD_CONCEPT_CAPTION": "Standard",
              "INVALID_REASON": "V",
              "INVALID_REASON_CAPTION": "Valid",
              "CONCEPT_CODE": "C9600",
              "DOMAIN_ID": "Procedure",
              "VOCABULARY_ID": "HCPCS",
              "CONCEPT_CLASS_ID": "HCPCS"
            }
          },
          {
            "concept": {
              "CONCEPT_ID": 43533352,
              "CONCEPT_NAME": "Percutaneous transcatheter placement of drug-eluting intracoronary stent(s), with coronary angioplasty when performed; each additional branch of a major coronary artery (list separately in addition to code for primary procedure)",
              "STANDARD_CONCEPT": "S",
              "STANDARD_CONCEPT_CAPTION": "Standard",
              "INVALID_REASON": "V",
              "INVALID_REASON_CAPTION": "Valid",
              "CONCEPT_CODE": "C9601",
              "DOMAIN_ID": "Procedure",
              "VOCABULARY_ID": "HCPCS",
              "CONCEPT_CLASS_ID": "HCPCS"
            }
          },
          {
            "concept": {
              "CONCEPT_ID": 44784573,
              "CONCEPT_NAME": "Percutaneous transluminal atherectomy of coronary artery by rotary cutter using fluoroscopic guidance with contrast",
              "STANDARD_CONCEPT": "S",
              "STANDARD_CONCEPT_CAPTION": "Standard",
              "INVALID_REASON": "V",
              "INVALID_REASON_CAPTION": "Valid",
              "CONCEPT_CODE": "698740005",
              "DOMAIN_ID": "Procedure",
              "VOCABULARY_ID": "SNOMED",
              "CONCEPT_CLASS_ID": "Procedure"
            },
            "includeDescendants": true
          },
          {
            "concept": {
              "CONCEPT_ID": 45770795,
              "CONCEPT_NAME": "Percutaneous transluminal balloon angioplasty and insertion of drug eluting stent into coronary artery",
              "STANDARD_CONCEPT": "S",
              "STANDARD_CONCEPT_CAPTION": "Standard",
              "INVALID_REASON": "V",
              "INVALID_REASON_CAPTION": "Valid",
              "CONCEPT_CODE": "936451000000108",
              "DOMAIN_ID": "Procedure",
              "VOCABULARY_ID": "SNOMED",
              "CONCEPT_CLASS_ID": "Procedure"
            },
            "includeDescendants": true
          },
          {
            "concept": {
              "CONCEPT_ID": 4020653,
              "CONCEPT_NAME": "Percutaneous transluminal balloon angioplasty of bypass graft of coronary artery",
              "STANDARD_CONCEPT": "S",
              "STANDARD_CONCEPT_CAPTION": "Standard",
              "INVALID_REASON": "V",
              "INVALID_REASON_CAPTION": "Valid",
              "CONCEPT_CODE": "175066001",
              "DOMAIN_ID": "Procedure",
              "VOCABULARY_ID": "SNOMED",
              "CONCEPT_CLASS_ID": "Procedure"
            },
            "includeDescendants": true
          },
          {
            "concept": {
              "CONCEPT_ID": 4181025,
              "CONCEPT_NAME": "Percutaneous transluminal balloon angioplasty with insertion of stent into coronary artery",
              "STANDARD_CONCEPT": "S",
              "STANDARD_CONCEPT_CAPTION": "Standard",
              "INVALID_REASON": "V",
              "INVALID_REASON_CAPTION": "Valid",
              "CONCEPT_CODE": "429639007",
              "DOMAIN_ID": "Procedure",
              "VOCABULARY_ID": "SNOMED",
              "CONCEPT_CLASS_ID": "Procedure"
            },
            "includeDescendants": true
          },
          {
            "concept": {
              "CONCEPT_ID": 4006788,
              "CONCEPT_NAME": "Percutaneous transluminal coronary angioplasty",
              "STANDARD_CONCEPT": "S",
              "STANDARD_CONCEPT_CAPTION": "Standard",
              "INVALID_REASON": "V",
              "INVALID_REASON_CAPTION": "Valid",
              "CONCEPT_CODE": "11101003",
              "DOMAIN_ID": "Procedure",
              "VOCABULARY_ID": "SNOMED",
              "CONCEPT_CLASS_ID": "Procedure"
            },
            "includeDescendants": true
          },
          {
            "concept": {
              "CONCEPT_ID": 2000064,
              "CONCEPT_NAME": "Percutaneous transluminal coronary angioplasty [PTCA]",
              "STANDARD_CONCEPT": "N",
              "STANDARD_CONCEPT_CAPTION": "Non-Standard",
              "INVALID_REASON": "V",
              "INVALID_REASON_CAPTION": "Valid",
              "CONCEPT_CODE": "00.66",
              "DOMAIN_ID": "Procedure",
              "VOCABULARY_ID": "ICD9Proc",
              "CONCEPT_CLASS_ID": "4-dig billing code"
            },
            "includeDescendants": true
          },
          {
            "concept": {
              "CONCEPT_ID": 4264285,
              "CONCEPT_NAME": "Percutaneous transluminal coronary angioplasty by rotoablation",
              "STANDARD_CONCEPT": "S",
              "STANDARD_CONCEPT_CAPTION": "Standard",
              "INVALID_REASON": "V",
              "INVALID_REASON_CAPTION": "Valid",
              "CONCEPT_CODE": "397193006",
              "DOMAIN_ID": "Procedure",
              "VOCABULARY_ID": "SNOMED",
              "CONCEPT_CLASS_ID": "Procedure"
            },
            "includeDescendants": true
          },
          {
            "concept": {
              "CONCEPT_ID": 4265293,
              "CONCEPT_NAME": "Percutaneous transluminal coronary angioplasty with rotoablation, single vessel",
              "STANDARD_CONCEPT": "S",
              "STANDARD_CONCEPT_CAPTION": "Standard",
              "INVALID_REASON": "V",
              "INVALID_REASON_CAPTION": "Valid",
              "CONCEPT_CODE": "397431004",
              "DOMAIN_ID": "Procedure",
              "VOCABULARY_ID": "SNOMED",
              "CONCEPT_CLASS_ID": "Procedure"
            },
            "includeDescendants": true
          },
          {
            "concept": {
              "CONCEPT_ID": 4225903,
              "CONCEPT_NAME": "Percutaneous transluminal coronary angioplasty, multiple vessels",
              "STANDARD_CONCEPT": "S",
              "STANDARD_CONCEPT_CAPTION": "Standard",
              "INVALID_REASON": "V",
              "INVALID_REASON_CAPTION": "Valid",
              "CONCEPT_CODE": "85053006",
              "DOMAIN_ID": "Procedure",
              "VOCABULARY_ID": "SNOMED",
              "CONCEPT_CLASS_ID": "Procedure"
            },
            "includeDescendants": true
          },
          {
            "concept": {
              "CONCEPT_ID": 43533353,
              "CONCEPT_NAME": "Percutaneous transluminal coronary atherectomy, with drug eluting intracoronary stent, with coronary angioplasty when performed; single major coronary artery or branch",
              "STANDARD_CONCEPT": "S",
              "STANDARD_CONCEPT_CAPTION": "Standard",
              "INVALID_REASON": "V",
              "INVALID_REASON_CAPTION": "Valid",
              "CONCEPT_CODE": "C9602",
              "DOMAIN_ID": "Procedure",
              "VOCABULARY_ID": "HCPCS",
              "CONCEPT_CLASS_ID": "HCPCS"
            },
            "includeDescendants": true
          },
          {
            "concept": {
              "CONCEPT_ID": 43533248,
              "CONCEPT_NAME": "Percutaneous transluminal coronary atherectomy, with drug-eluting intracoronary stent, with coronary angioplasty when performed; each additional branch of a major coronary artery (list separately in addition to code for primary procedure)",
              "STANDARD_CONCEPT": "S",
              "STANDARD_CONCEPT_CAPTION": "Standard",
              "INVALID_REASON": "V",
              "INVALID_REASON_CAPTION": "Valid",
              "CONCEPT_CODE": "C9603",
              "DOMAIN_ID": "Procedure",
              "VOCABULARY_ID": "HCPCS",
              "CONCEPT_CLASS_ID": "HCPCS"
            },
            "includeDescendants": true
          },
          {
            "concept": {
              "CONCEPT_ID": 43531440,
              "CONCEPT_NAME": "Percutaneous transluminal insertion of metal stent into coronary artery using fluoroscopic guidance with contrast",
              "STANDARD_CONCEPT": "S",
              "STANDARD_CONCEPT_CAPTION": "Standard",
              "INVALID_REASON": "V",
              "INVALID_REASON_CAPTION": "Valid",
              "CONCEPT_CODE": "609154002",
              "DOMAIN_ID": "Procedure",
              "VOCABULARY_ID": "SNOMED",
              "CONCEPT_CLASS_ID": "Procedure"
            },
            "includeDescendants": true
          },
          {
            "concept": {
              "CONCEPT_ID": 4175997,
              "CONCEPT_NAME": "Percutaneous transluminal thrombolysis and reconstruction of artery",
              "STANDARD_CONCEPT": "S",
              "STANDARD_CONCEPT_CAPTION": "Standard",
              "INVALID_REASON": "V",
              "INVALID_REASON_CAPTION": "Valid",
              "CONCEPT_CODE": "428068004",
              "DOMAIN_ID": "Procedure",
              "VOCABULARY_ID": "SNOMED",
              "CONCEPT_CLASS_ID": "Procedure"
            },
            "includeDescendants": true
          },
          {
            "concept": {
              "CONCEPT_ID": 4139198,
              "CONCEPT_NAME": "Percutaneous transluminal thrombolysis of artery",
              "STANDARD_CONCEPT": "S",
              "STANDARD_CONCEPT_CAPTION": "Standard",
              "INVALID_REASON": "V",
              "INVALID_REASON_CAPTION": "Valid",
              "CONCEPT_CODE": "426485003",
              "DOMAIN_ID": "Procedure",
              "VOCABULARY_ID": "SNOMED",
              "CONCEPT_CLASS_ID": "Procedure"
            },
            "includeDescendants": true
          },
          {
            "concept": {
              "CONCEPT_ID": 4178148,
              "CONCEPT_NAME": "Placement of stent in anterior descending branch of left coronary artery",
              "STANDARD_CONCEPT": "S",
              "STANDARD_CONCEPT_CAPTION": "Standard",
              "INVALID_REASON": "V",
              "INVALID_REASON_CAPTION": "Valid",
              "CONCEPT_CODE": "428488008",
              "DOMAIN_ID": "Procedure",
              "VOCABULARY_ID": "SNOMED",
              "CONCEPT_CLASS_ID": "Procedure"
            },
            "includeDescendants": true
          },
          {
            "concept": {
              "CONCEPT_ID": 4329263,
              "CONCEPT_NAME": "Placement of stent in circumflex branch of left coronary artery",
              "STANDARD_CONCEPT": "S",
              "STANDARD_CONCEPT_CAPTION": "Standard",
              "INVALID_REASON": "V",
              "INVALID_REASON_CAPTION": "Valid",
              "CONCEPT_CODE": "429499003",
              "DOMAIN_ID": "Procedure",
              "VOCABULARY_ID": "SNOMED",
              "CONCEPT_CLASS_ID": "Procedure"
            },
            "includeDescendants": true
          },
          {
            "concept": {
              "CONCEPT_ID": 4283892,
              "CONCEPT_NAME": "Placement of stent in coronary artery",
              "STANDARD_CONCEPT": "S",
              "STANDARD_CONCEPT_CAPTION": "Standard",
              "INVALID_REASON": "V",
              "INVALID_REASON_CAPTION": "Valid",
              "CONCEPT_CODE": "36969009",
              "DOMAIN_ID": "Procedure",
              "VOCABULARY_ID": "SNOMED",
              "CONCEPT_CLASS_ID": "Procedure"
            },
            "includeDescendants": true
          }
        ]
      }
    },
    {
      "id": 2,
      "name": "[OCOH] myocardial infarction and complications - conditions",
      "expression": {
        "items": [
          {
            "concept": {
              "CONCEPT_ID": 37109912,
              "CONCEPT_NAME": "Arrhythmia due to and following acute myocardial infarction",
              "STANDARD_CONCEPT": "S",
              "STANDARD_CONCEPT_CAPTION": "Standard",
              "INVALID_REASON": "V",
              "INVALID_REASON_CAPTION": "Valid",
              "CONCEPT_CODE": "723860000",
              "DOMAIN_ID": "Condition",
              "VOCABULARY_ID": "SNOMED",
              "CONCEPT_CLASS_ID": "Clinical Finding"
            },
            "includeDescendants": true
          },
          {
            "concept": {
              "CONCEPT_ID": 438172,
              "CONCEPT_NAME": "Atrial septal defect due to and following acute myocardial infarction",
              "STANDARD_CONCEPT": "S",
              "STANDARD_CONCEPT_CAPTION": "Standard",
              "INVALID_REASON": "V",
              "INVALID_REASON_CAPTION": "Valid",
              "CONCEPT_CODE": "194863005",
              "DOMAIN_ID": "Condition",
              "VOCABULARY_ID": "SNOMED",
              "CONCEPT_CLASS_ID": "Clinical Finding"
            },
            "includeDescendants": true
          },
          {
            "concept": {
              "CONCEPT_ID": 4124687,
              "CONCEPT_NAME": "Cardiac rupture due to and following acute myocardial infarction",
              "STANDARD_CONCEPT": "S",
              "STANDARD_CONCEPT_CAPTION": "Standard",
              "INVALID_REASON": "V",
              "INVALID_REASON_CAPTION": "Valid",
              "CONCEPT_CODE": "233847009",
              "DOMAIN_ID": "Condition",
              "VOCABULARY_ID": "SNOMED",
              "CONCEPT_CLASS_ID": "Clinical Finding"
            },
            "includeDescendants": true
          },
          {
            "concept": {
              "CONCEPT_ID": 4108678,
              "CONCEPT_NAME": "Hemopericardium due to and following acute myocardial infarction",
              "STANDARD_CONCEPT": "S",
              "STANDARD_CONCEPT_CAPTION": "Standard",
              "INVALID_REASON": "V",
              "INVALID_REASON_CAPTION": "Valid",
              "CONCEPT_CODE": "194862000",
              "DOMAIN_ID": "Condition",
              "VOCABULARY_ID": "SNOMED",
              "CONCEPT_CLASS_ID": "Clinical Finding"
            },
            "includeDescendants": true
          },
          {
            "concept": {
              "CONCEPT_ID": 45766212,
              "CONCEPT_NAME": "Mitral valve regurgitation due to and following acute myocardial infarction",
              "STANDARD_CONCEPT": "N",
              "STANDARD_CONCEPT_CAPTION": "Non-Standard",
              "INVALID_REASON": "D",
              "INVALID_REASON_CAPTION": "Invalid",
              "CONCEPT_CODE": "703326006",
              "DOMAIN_ID": "Condition",
              "VOCABULARY_ID": "SNOMED",
              "CONCEPT_CLASS_ID": "Clinical Finding"
            },
            "includeDescendants": true
          },
          {
            "concept": {
              "CONCEPT_ID": 4329847,
              "CONCEPT_NAME": "Myocardial infarction",
              "STANDARD_CONCEPT": "S",
              "STANDARD_CONCEPT_CAPTION": "Standard",
              "INVALID_REASON": "V",
              "INVALID_REASON_CAPTION": "Valid",
              "CONCEPT_CODE": "22298006",
              "DOMAIN_ID": "Condition",
              "VOCABULARY_ID": "SNOMED",
              "CONCEPT_CLASS_ID": "Clinical Finding"
            },
            "includeDescendants": true
          },
          {
            "concept": {
              "CONCEPT_ID": 314666,
              "CONCEPT_NAME": "Old myocardial infarction",
              "STANDARD_CONCEPT": "S",
              "STANDARD_CONCEPT_CAPTION": "Standard",
              "INVALID_REASON": "V",
              "INVALID_REASON_CAPTION": "Valid",
              "CONCEPT_CODE": "1755008",
              "DOMAIN_ID": "Condition",
              "VOCABULARY_ID": "SNOMED",
              "CONCEPT_CLASS_ID": "Clinical Finding"
            },
            "isExcluded": true,
            "includeDescendants": true
          },
          {
            "concept": {
              "CONCEPT_ID": 37109911,
              "CONCEPT_NAME": "Pulmonary embolism due to and following acute myocardial infarction",
              "STANDARD_CONCEPT": "S",
              "STANDARD_CONCEPT_CAPTION": "Standard",
              "INVALID_REASON": "V",
              "INVALID_REASON_CAPTION": "Valid",
              "CONCEPT_CODE": "723859005",
              "DOMAIN_ID": "Condition",
              "VOCABULARY_ID": "SNOMED",
              "CONCEPT_CLASS_ID": "Clinical Finding"
            },
            "includeDescendants": true
          },
          {
            "concept": {
              "CONCEPT_ID": 4108680,
              "CONCEPT_NAME": "Thrombosis of atrium, auricular appendage, and ventricle due to and following acute myocardial infarction",
              "STANDARD_CONCEPT": "S",
              "STANDARD_CONCEPT_CAPTION": "Standard",
              "INVALID_REASON": "V",
              "INVALID_REASON_CAPTION": "Valid",
              "CONCEPT_CODE": "194868001",
              "DOMAIN_ID": "Condition",
              "VOCABULARY_ID": "SNOMED",
              "CONCEPT_CLASS_ID": "Clinical Finding"
            },
            "includeDescendants": true
          },
          {
            "concept": {
              "CONCEPT_ID": 37109910,
              "CONCEPT_NAME": "Ventricular aneurysm due to and following acute myocardial infarction",
              "STANDARD_CONCEPT": "S",
              "STANDARD_CONCEPT_CAPTION": "Standard",
              "INVALID_REASON": "V",
              "INVALID_REASON_CAPTION": "Valid",
              "CONCEPT_CODE": "723858002",
              "DOMAIN_ID": "Condition",
              "VOCABULARY_ID": "SNOMED",
              "CONCEPT_CLASS_ID": "Clinical Finding"
            },
            "includeDescendants": true
          }
        ]
      }
    },
    {
      "id": 3,
      "name": "[OCOH] ischemic heart disease - condition/observation",
      "expression": {
        "items": [
          {
            "concept": {
              "CONCEPT_ID": 44784623,
              "CONCEPT_NAME": "Acute coronary artery occlusion not resulting in myocardial infarction",
              "STANDARD_CONCEPT": "S",
              "STANDARD_CONCEPT_CAPTION": "Standard",
              "INVALID_REASON": "V",
              "INVALID_REASON_CAPTION": "Valid",
              "CONCEPT_CODE": "78741000119103",
              "DOMAIN_ID": "Condition",
              "VOCABULARY_ID": "SNOMED",
              "CONCEPT_CLASS_ID": "Clinical Finding"
            },
            "includeDescendants": true
          },
          {
            "concept": {
              "CONCEPT_ID": 38001109,
              "CONCEPT_NAME": "Acute myocardial infarction, discharged alive w CC",
              "STANDARD_CONCEPT": "S",
              "STANDARD_CONCEPT_CAPTION": "Standard",
              "INVALID_REASON": "V",
              "INVALID_REASON_CAPTION": "Valid",
              "CONCEPT_CODE": "281",
              "DOMAIN_ID": "Observation",
              "VOCABULARY_ID": "DRG",
              "CONCEPT_CLASS_ID": "MS-DRG"
            },
            "includeDescendants": true
          },
          {
            "concept": {
              "CONCEPT_ID": 38001108,
              "CONCEPT_NAME": "Acute myocardial infarction, discharged alive w MCC",
              "STANDARD_CONCEPT": "S",
              "STANDARD_CONCEPT_CAPTION": "Standard",
              "INVALID_REASON": "V",
              "INVALID_REASON_CAPTION": "Valid",
              "CONCEPT_CODE": "280",
              "DOMAIN_ID": "Observation",
              "VOCABULARY_ID": "DRG",
              "CONCEPT_CLASS_ID": "MS-DRG"
            },
            "includeDescendants": true
          },
          {
            "concept": {
              "CONCEPT_ID": 38001110,
              "CONCEPT_NAME": "Acute myocardial infarction, discharged alive w/o CC/MCC",
              "STANDARD_CONCEPT": "S",
              "STANDARD_CONCEPT_CAPTION": "Standard",
              "INVALID_REASON": "V",
              "INVALID_REASON_CAPTION": "Valid",
              "CONCEPT_CODE": "282",
              "DOMAIN_ID": "Observation",
              "VOCABULARY_ID": "DRG",
              "CONCEPT_CLASS_ID": "MS-DRG"
            },
            "includeDescendants": true
          },
          {
            "concept": {
              "CONCEPT_ID": 38001112,
              "CONCEPT_NAME": "Acute myocardial infarction, expired w CC",
              "STANDARD_CONCEPT": "S",
              "STANDARD_CONCEPT_CAPTION": "Standard",
              "INVALID_REASON": "V",
              "INVALID_REASON_CAPTION": "Valid",
              "CONCEPT_CODE": "284",
              "DOMAIN_ID": "Observation",
              "VOCABULARY_ID": "DRG",
              "CONCEPT_CLASS_ID": "MS-DRG"
            },
            "includeDescendants": true
          },
          {
            "concept": {
              "CONCEPT_ID": 38001111,
              "CONCEPT_NAME": "Acute myocardial infarction, expired w MCC",
              "STANDARD_CONCEPT": "S",
              "STANDARD_CONCEPT_CAPTION": "Standard",
              "INVALID_REASON": "V",
              "INVALID_REASON_CAPTION": "Valid",
              "CONCEPT_CODE": "283",
              "DOMAIN_ID": "Observation",
              "VOCABULARY_ID": "DRG",
              "CONCEPT_CLASS_ID": "MS-DRG"
            },
            "includeDescendants": true
          },
          {
            "concept": {
              "CONCEPT_ID": 38001113,
              "CONCEPT_NAME": "Acute myocardial infarction, expired w/o CC/MCC",
              "STANDARD_CONCEPT": "S",
              "STANDARD_CONCEPT_CAPTION": "Standard",
              "INVALID_REASON": "V",
              "INVALID_REASON_CAPTION": "Valid",
              "CONCEPT_CODE": "285",
              "DOMAIN_ID": "Observation",
              "VOCABULARY_ID": "DRG",
              "CONCEPT_CLASS_ID": "MS-DRG"
            },
            "includeDescendants": true
          },
          {
            "concept": {
              "CONCEPT_ID": 38001139,
              "CONCEPT_NAME": "Angina pectoris",
              "STANDARD_CONCEPT": "S",
              "STANDARD_CONCEPT_CAPTION": "Standard",
              "INVALID_REASON": "V",
              "INVALID_REASON_CAPTION": "Valid",
              "CONCEPT_CODE": "311",
              "DOMAIN_ID": "Observation",
              "VOCABULARY_ID": "DRG",
              "CONCEPT_CLASS_ID": "MS-DRG"
            },
            "includeDescendants": true
          },
          {
            "concept": {
              "CONCEPT_ID": 40761421,
              "CONCEPT_NAME": "Angina pectoris in interim",
              "STANDARD_CONCEPT": "S",
              "STANDARD_CONCEPT_CAPTION": "Standard",
              "INVALID_REASON": "V",
              "INVALID_REASON_CAPTION": "Valid",
              "CONCEPT_CODE": "58320-3",
              "DOMAIN_ID": "Observation",
              "VOCABULARY_ID": "LOINC",
              "CONCEPT_CLASS_ID": "Clinical Observation"
            },
            "includeDescendants": true
          },
          {
            "concept": {
              "CONCEPT_ID": 443563,
              "CONCEPT_NAME": "Arteriosclerosis of coronary artery bypass graft",
              "STANDARD_CONCEPT": "S",
              "STANDARD_CONCEPT_CAPTION": "Standard",
              "INVALID_REASON": "V",
              "INVALID_REASON_CAPTION": "Valid",
              "CONCEPT_CODE": "429673002",
              "DOMAIN_ID": "Condition",
              "VOCABULARY_ID": "SNOMED",
              "CONCEPT_CLASS_ID": "Clinical Finding"
            },
            "includeDescendants": true
          },
          {
            "concept": {
              "CONCEPT_ID": 438172,
              "CONCEPT_NAME": "Atrial septal defect due to and following acute myocardial infarction",
              "STANDARD_CONCEPT": "S",
              "STANDARD_CONCEPT_CAPTION": "Standard",
              "INVALID_REASON": "V",
              "INVALID_REASON_CAPTION": "Valid",
              "CONCEPT_CODE": "194863005",
              "DOMAIN_ID": "Condition",
              "VOCABULARY_ID": "SNOMED",
              "CONCEPT_CLASS_ID": "Clinical Finding"
            },
            "includeDescendants": true
          },
          {
            "concept": {
              "CONCEPT_ID": 4108215,
              "CONCEPT_NAME": "Coronary thrombosis not resulting in myocardial infarction",
              "STANDARD_CONCEPT": "S",
              "STANDARD_CONCEPT_CAPTION": "Standard",
              "INVALID_REASON": "V",
              "INVALID_REASON_CAPTION": "Valid",
              "CONCEPT_CODE": "194821006",
              "DOMAIN_ID": "Condition",
              "VOCABULARY_ID": "SNOMED",
              "CONCEPT_CLASS_ID": "Clinical Finding"
            },
            "includeDescendants": true
          },
          {
            "concept": {
              "CONCEPT_ID": 4108678,
              "CONCEPT_NAME": "Hemopericardium due to and following acute myocardial infarction",
              "STANDARD_CONCEPT": "S",
              "STANDARD_CONCEPT_CAPTION": "Standard",
              "INVALID_REASON": "V",
              "INVALID_REASON_CAPTION": "Valid",
              "CONCEPT_CODE": "194862000",
              "DOMAIN_ID": "Condition",
              "VOCABULARY_ID": "SNOMED",
              "CONCEPT_CLASS_ID": "Clinical Finding"
            },
            "includeDescendants": true
          },
          {
            "concept": {
              "CONCEPT_ID": 37395582,
              "CONCEPT_NAME": "History of acute ST segment elevation myocardial infarction",
              "STANDARD_CONCEPT": "N",
              "STANDARD_CONCEPT_CAPTION": "Non-Standard",
              "INVALID_REASON": "V",
              "INVALID_REASON_CAPTION": "Valid",
              "CONCEPT_CODE": "285721000119104",
              "DOMAIN_ID": "Observation",
              "VOCABULARY_ID": "SNOMED",
              "CONCEPT_CLASS_ID": "Context-dependent"
            },
            "isExcluded": true,
            "includeDescendants": true
          },
          {
            "concept": {
              "CONCEPT_ID": 4163874,
              "CONCEPT_NAME": "History of myocardial infarction",
              "STANDARD_CONCEPT": "N",
              "STANDARD_CONCEPT_CAPTION": "Non-Standard",
              "INVALID_REASON": "V",
              "INVALID_REASON_CAPTION": "Valid",
              "CONCEPT_CODE": "399211009",
              "DOMAIN_ID": "Observation",
              "VOCABULARY_ID": "SNOMED",
              "CONCEPT_CLASS_ID": "Context-dependent"
            },
            "isExcluded": true,
            "includeDescendants": true
          },
          {
            "concept": {
              "CONCEPT_ID": 43530755,
              "CONCEPT_NAME": "History of myocardial infarction in last eight weeks",
              "STANDARD_CONCEPT": "N",
              "STANDARD_CONCEPT_CAPTION": "Non-Standard",
              "INVALID_REASON": "V",
              "INVALID_REASON_CAPTION": "Valid",
              "CONCEPT_CODE": "461000119108",
              "DOMAIN_ID": "Observation",
              "VOCABULARY_ID": "SNOMED",
              "CONCEPT_CLASS_ID": "Context-dependent"
            },
            "isExcluded": true,
            "includeDescendants": true
          },
          {
            "concept": {
              "CONCEPT_ID": 44784441,
              "CONCEPT_NAME": "History of non-ST segment elevation myocardial infarction",
              "STANDARD_CONCEPT": "N",
              "STANDARD_CONCEPT_CAPTION": "Non-Standard",
              "INVALID_REASON": "V",
              "INVALID_REASON_CAPTION": "Valid",
              "CONCEPT_CODE": "698593009",
              "DOMAIN_ID": "Observation",
              "VOCABULARY_ID": "SNOMED",
              "CONCEPT_CLASS_ID": "Context-dependent"
            },
            "isExcluded": true,
            "includeDescendants": true
          },
          {
            "concept": {
              "CONCEPT_ID": 4185932,
              "CONCEPT_NAME": "Ischemic heart disease",
              "STANDARD_CONCEPT": "S",
              "STANDARD_CONCEPT_CAPTION": "Standard",
              "INVALID_REASON": "V",
              "INVALID_REASON_CAPTION": "Valid",
              "CONCEPT_CODE": "414545008",
              "DOMAIN_ID": "Condition",
              "VOCABULARY_ID": "SNOMED",
              "CONCEPT_CLASS_ID": "Clinical Finding"
            },
            "includeDescendants": true
          },
          {
            "concept": {
              "CONCEPT_ID": 40761359,
              "CONCEPT_NAME": "Myocardial infarction",
              "STANDARD_CONCEPT": "S",
              "STANDARD_CONCEPT_CAPTION": "Standard",
              "INVALID_REASON": "V",
              "INVALID_REASON_CAPTION": "Valid",
              "CONCEPT_CODE": "58258-5",
              "DOMAIN_ID": "Observation",
              "VOCABULARY_ID": "LOINC",
              "CONCEPT_CLASS_ID": "Clinical Observation"
            },
            "includeDescendants": true
          },
          {
            "concept": {
              "CONCEPT_ID": 314666,
              "CONCEPT_NAME": "Old myocardial infarction",
              "STANDARD_CONCEPT": "S",
              "STANDARD_CONCEPT_CAPTION": "Standard",
              "INVALID_REASON": "V",
              "INVALID_REASON_CAPTION": "Valid",
              "CONCEPT_CODE": "1755008",
              "DOMAIN_ID": "Condition",
              "VOCABULARY_ID": "SNOMED",
              "CONCEPT_CLASS_ID": "Clinical Finding"
            },
            "isExcluded": true,
            "includeDescendants": true
          },
          {
            "concept": {
              "CONCEPT_ID": 319038,
              "CONCEPT_NAME": "Postmyocardial infarction syndrome",
              "STANDARD_CONCEPT": "S",
              "STANDARD_CONCEPT_CAPTION": "Standard",
              "INVALID_REASON": "V",
              "INVALID_REASON_CAPTION": "Valid",
              "CONCEPT_CODE": "66189004",
              "DOMAIN_ID": "Condition",
              "VOCABULARY_ID": "SNOMED",
              "CONCEPT_CLASS_ID": "Clinical Finding"
            },
            "includeDescendants": true
          },
          {
            "concept": {
              "CONCEPT_ID": 315830,
              "CONCEPT_NAME": "Prinzmetal angina",
              "STANDARD_CONCEPT": "S",
              "STANDARD_CONCEPT_CAPTION": "Standard",
              "INVALID_REASON": "V",
              "INVALID_REASON_CAPTION": "Valid",
              "CONCEPT_CODE": "87343002",
              "DOMAIN_ID": "Condition",
              "VOCABULARY_ID": "SNOMED",
              "CONCEPT_CLASS_ID": "Clinical Finding"
            },
            "isExcluded": true,
            "includeDescendants": true
          },
          {
            "concept": {
              "CONCEPT_ID": 4108680,
              "CONCEPT_NAME": "Thrombosis of atrium, auricular appendage, and ventricle due to and following acute myocardial infarction",
              "STANDARD_CONCEPT": "S",
              "STANDARD_CONCEPT_CAPTION": "Standard",
              "INVALID_REASON": "V",
              "INVALID_REASON_CAPTION": "Valid",
              "CONCEPT_CODE": "194868001",
              "DOMAIN_ID": "Condition",
              "VOCABULARY_ID": "SNOMED",
              "CONCEPT_CLASS_ID": "Clinical Finding"
            },
            "includeDescendants": true
          }
        ]
      }
    },
    {
      "id": 4,
      "name": "[OCOH] heart failure - condition",
      "expression": {
        "items": [
          {
            "concept": {
              "CONCEPT_ID": 315295,
              "CONCEPT_NAME": "Congestive rheumatic heart failure",
              "STANDARD_CONCEPT": "S",
              "STANDARD_CONCEPT_CAPTION": "Standard",
              "INVALID_REASON": "V",
              "INVALID_REASON_CAPTION": "Valid",
              "CONCEPT_CODE": "82523003",
              "DOMAIN_ID": "Condition",
              "VOCABULARY_ID": "SNOMED",
              "CONCEPT_CLASS_ID": "Clinical Finding"
            },
            "isExcluded": true,
            "includeDescendants": true
          },
          {
            "concept": {
              "CONCEPT_ID": 316139,
              "CONCEPT_NAME": "Heart failure",
              "STANDARD_CONCEPT": "S",
              "STANDARD_CONCEPT_CAPTION": "Standard",
              "INVALID_REASON": "V",
              "INVALID_REASON_CAPTION": "Valid",
              "CONCEPT_CODE": "84114007",
              "DOMAIN_ID": "Condition",
              "VOCABULARY_ID": "SNOMED",
              "CONCEPT_CLASS_ID": "Clinical Finding"
            },
            "includeDescendants": true
          }
        ]
      }
    },
    {
      "id": 5,
      "name": "[OCOH] angina pectoris - condition",
      "expression": {
        "items": [
          {
            "concept": {
              "CONCEPT_ID": 321318,
              "CONCEPT_NAME": "Angina pectoris",
              "STANDARD_CONCEPT": "S",
              "STANDARD_CONCEPT_CAPTION": "Standard",
              "INVALID_REASON": "V",
              "INVALID_REASON_CAPTION": "Valid",
              "CONCEPT_CODE": "194828000",
              "DOMAIN_ID": "Condition",
              "VOCABULARY_ID": "SNOMED",
              "CONCEPT_CLASS_ID": "Clinical Finding"
            },
            "includeDescendants": true
          }
        ]
      }
    },
    {
      "id": 6,
      "name": "[OCOH] CABG - procedure",
      "expression": {
        "items": [
          {
            "concept": {
              "CONCEPT_ID": 2001516,
              "CONCEPT_NAME": "Abdominal-coronary artery bypass",
              "STANDARD_CONCEPT": "S",
              "STANDARD_CONCEPT_CAPTION": "Standard",
              "INVALID_REASON": "V",
              "INVALID_REASON_CAPTION": "Valid",
              "CONCEPT_CODE": "36.17",
              "DOMAIN_ID": "Procedure",
              "VOCABULARY_ID": "ICD9Proc",
              "CONCEPT_CLASS_ID": "4-dig billing code"
            },
            "includeDescendants": true
          },
          {
            "concept": {
              "CONCEPT_ID": 4284104,
              "CONCEPT_NAME": "Aortocoronary artery bypass graft",
              "STANDARD_CONCEPT": "S",
              "STANDARD_CONCEPT_CAPTION": "Standard",
              "INVALID_REASON": "V",
              "INVALID_REASON_CAPTION": "Valid",
              "CONCEPT_CODE": "67166004",
              "DOMAIN_ID": "Procedure",
              "VOCABULARY_ID": "SNOMED",
              "CONCEPT_CLASS_ID": "Procedure"
            },
            "includeDescendants": true
          },
          {
            "concept": {
              "CONCEPT_ID": 4229433,
              "CONCEPT_NAME": "Aortocoronary artery bypass graft with prosthesis",
              "STANDARD_CONCEPT": "S",
              "STANDARD_CONCEPT_CAPTION": "Standard",
              "INVALID_REASON": "V",
              "INVALID_REASON_CAPTION": "Valid",
              "CONCEPT_CODE": "8876004",
              "DOMAIN_ID": "Procedure",
              "VOCABULARY_ID": "SNOMED",
              "CONCEPT_CLASS_ID": "Procedure"
            },
            "includeDescendants": true
          },
          {
            "concept": {
              "CONCEPT_ID": 4146972,
              "CONCEPT_NAME": "Aortocoronary artery bypass graft with saphenous vein graft",
              "STANDARD_CONCEPT": "S",
              "STANDARD_CONCEPT_CAPTION": "Standard",
              "INVALID_REASON": "V",
              "INVALID_REASON_CAPTION": "Valid",
              "CONCEPT_CODE": "3546002",
              "DOMAIN_ID": "Procedure",
              "VOCABULARY_ID": "SNOMED",
              "CONCEPT_CLASS_ID": "Procedure"
            },
            "includeDescendants": true
          },
          {
            "concept": {
              "CONCEPT_ID": 4228305,
              "CONCEPT_NAME": "Aortocoronary artery bypass graft with three vein grafts",
              "STANDARD_CONCEPT": "S",
              "STANDARD_CONCEPT_CAPTION": "Standard",
              "INVALID_REASON": "V",
              "INVALID_REASON_CAPTION": "Valid",
              "CONCEPT_CODE": "405599002",
              "DOMAIN_ID": "Procedure",
              "VOCABULARY_ID": "SNOMED",
              "CONCEPT_CLASS_ID": "Procedure"
            },
            "includeDescendants": true
          },
          {
            "concept": {
              "CONCEPT_ID": 4228304,
              "CONCEPT_NAME": "Aortocoronary artery bypass graft with two vein grafts",
              "STANDARD_CONCEPT": "S",
              "STANDARD_CONCEPT_CAPTION": "Standard",
              "INVALID_REASON": "V",
              "INVALID_REASON_CAPTION": "Valid",
              "CONCEPT_CODE": "405598005",
              "DOMAIN_ID": "Procedure",
              "VOCABULARY_ID": "SNOMED",
              "CONCEPT_CLASS_ID": "Procedure"
            },
            "includeDescendants": true
          },
          {
            "concept": {
              "CONCEPT_ID": 4063237,
              "CONCEPT_NAME": "Aortocoronary artery bypass graft with vein graft",
              "STANDARD_CONCEPT": "S",
              "STANDARD_CONCEPT_CAPTION": "Standard",
              "INVALID_REASON": "V",
              "INVALID_REASON_CAPTION": "Valid",
              "CONCEPT_CODE": "17073005",
              "DOMAIN_ID": "Procedure",
              "VOCABULARY_ID": "SNOMED",
              "CONCEPT_CLASS_ID": "Procedure"
            },
            "includeDescendants": true
          },
          {
            "concept": {
              "CONCEPT_ID": 4148030,
              "CONCEPT_NAME": "Aortocoronary bypass grafting",
              "STANDARD_CONCEPT": "N",
              "STANDARD_CONCEPT_CAPTION": "Non-Standard",
              "INVALID_REASON": "U",
              "INVALID_REASON_CAPTION": "Invalid",
              "CONCEPT_CODE": "309814006",
              "DOMAIN_ID": "Procedure",
              "VOCABULARY_ID": "SNOMED",
              "CONCEPT_CLASS_ID": "Procedure"
            },
            "includeDescendants": true
          },
          {
            "concept": {
              "CONCEPT_ID": 4008625,
              "CONCEPT_NAME": "Aortocoronary bypass of four or more coronary arteries",
              "STANDARD_CONCEPT": "S",
              "STANDARD_CONCEPT_CAPTION": "Standard",
              "INVALID_REASON": "V",
              "INVALID_REASON_CAPTION": "Valid",
              "CONCEPT_CODE": "10190003",
              "DOMAIN_ID": "Procedure",
              "VOCABULARY_ID": "SNOMED",
              "CONCEPT_CLASS_ID": "Procedure"
            },
            "includeDescendants": true
          },
          {
            "concept": {
              "CONCEPT_ID": 4106548,
              "CONCEPT_NAME": "Aortocoronary bypass of one coronary artery",
              "STANDARD_CONCEPT": "S",
              "STANDARD_CONCEPT_CAPTION": "Standard",
              "INVALID_REASON": "V",
              "INVALID_REASON_CAPTION": "Valid",
              "CONCEPT_CODE": "29819009",
              "DOMAIN_ID": "Procedure",
              "VOCABULARY_ID": "SNOMED",
              "CONCEPT_CLASS_ID": "Procedure"
            },
            "includeDescendants": true
          },
          {
            "concept": {
              "CONCEPT_ID": 4031996,
              "CONCEPT_NAME": "Aortocoronary bypass of three coronary arteries",
              "STANDARD_CONCEPT": "S",
              "STANDARD_CONCEPT_CAPTION": "Standard",
              "INVALID_REASON": "V",
              "INVALID_REASON_CAPTION": "Valid",
              "CONCEPT_CODE": "14323007",
              "DOMAIN_ID": "Procedure",
              "VOCABULARY_ID": "SNOMED",
              "CONCEPT_CLASS_ID": "Procedure"
            },
            "includeDescendants": true
          },
          {
            "concept": {
              "CONCEPT_ID": 4234990,
              "CONCEPT_NAME": "Aortocoronary bypass of two coronary arteries",
              "STANDARD_CONCEPT": "S",
              "STANDARD_CONCEPT_CAPTION": "Standard",
              "INVALID_REASON": "V",
              "INVALID_REASON_CAPTION": "Valid",
              "CONCEPT_CODE": "90487008",
              "DOMAIN_ID": "Procedure",
              "VOCABULARY_ID": "SNOMED",
              "CONCEPT_CLASS_ID": "Procedure"
            },
            "includeDescendants": true
          },
          {
            "concept": {
              "CONCEPT_CLASS_ID": "CPT4 Hierarchy",
              "CONCEPT_CODE": "1006216",
              "CONCEPT_ID": 45889469,
              "CONCEPT_NAME": "Arterial Grafting for Coronary Artery Bypass",
              "DOMAIN_ID": "Procedure",
              "INVALID_REASON": "V",
              "INVALID_REASON_CAPTION": "Valid",
              "STANDARD_CONCEPT": "C",
              "STANDARD_CONCEPT_CAPTION": "Classification",
              "VOCABULARY_ID": "CPT4"
            },
            "includeDescendants": true
          },
          {
            "concept": {
              "CONCEPT_ID": 4240486,
              "CONCEPT_NAME": "Carotid-subclavian artery bypass graft with vein",
              "STANDARD_CONCEPT": "S",
              "STANDARD_CONCEPT_CAPTION": "Standard",
              "INVALID_REASON": "V",
              "INVALID_REASON_CAPTION": "Valid",
              "CONCEPT_CODE": "59012002",
              "DOMAIN_ID": "Procedure",
              "VOCABULARY_ID": "SNOMED",
              "CONCEPT_CLASS_ID": "Procedure"
            },
            "includeDescendants": true
          },
          {
            "concept": {
              "CONCEPT_ID": 4336464,
              "CONCEPT_NAME": "Coronary artery bypass graft",
              "STANDARD_CONCEPT": "S",
              "STANDARD_CONCEPT_CAPTION": "Standard",
              "INVALID_REASON": "V",
              "INVALID_REASON_CAPTION": "Valid",
              "CONCEPT_CODE": "232717009",
              "DOMAIN_ID": "Procedure",
              "VOCABULARY_ID": "SNOMED",
              "CONCEPT_CLASS_ID": "Procedure"
            },
            "includeDescendants": true
          },
          {
            "concept": {
              "CONCEPT_ID": 4337056,
              "CONCEPT_NAME": "Coronary artery bypass graft x 1",
              "STANDARD_CONCEPT": "S",
              "STANDARD_CONCEPT_CAPTION": "Standard",
              "INVALID_REASON": "V",
              "INVALID_REASON_CAPTION": "Valid",
              "CONCEPT_CODE": "232719007",
              "DOMAIN_ID": "Procedure",
              "VOCABULARY_ID": "SNOMED",
              "CONCEPT_CLASS_ID": "Procedure"
            },
            "includeDescendants": true
          },
          {
            "concept": {
              "CONCEPT_ID": 4000733,
              "CONCEPT_NAME": "Coronary artery bypass graft, anastomosis of artery of thorax to coronary artery",
              "STANDARD_CONCEPT": "S",
              "STANDARD_CONCEPT_CAPTION": "Standard",
              "INVALID_REASON": "V",
              "INVALID_REASON_CAPTION": "Valid",
              "CONCEPT_CODE": "119565001",
              "DOMAIN_ID": "Procedure",
              "VOCABULARY_ID": "SNOMED",
              "CONCEPT_CLASS_ID": "Procedure"
            },
            "includeDescendants": true
          },
          {
            "concept": {
              "CONCEPT_ID": 4336467,
              "CONCEPT_NAME": "Coronary artery bypass grafts greater than 5",
              "STANDARD_CONCEPT": "S",
              "STANDARD_CONCEPT_CAPTION": "Standard",
              "INVALID_REASON": "V",
              "INVALID_REASON_CAPTION": "Valid",
              "CONCEPT_CODE": "232724005",
              "DOMAIN_ID": "Procedure",
              "VOCABULARY_ID": "SNOMED",
              "CONCEPT_CLASS_ID": "Procedure"
            },
            "includeDescendants": true
          },
          {
            "concept": {
              "CONCEPT_ID": 4336465,
              "CONCEPT_NAME": "Coronary artery bypass grafts x 2",
              "STANDARD_CONCEPT": "S",
              "STANDARD_CONCEPT_CAPTION": "Standard",
              "INVALID_REASON": "V",
              "INVALID_REASON_CAPTION": "Valid",
              "CONCEPT_CODE": "232720001",
              "DOMAIN_ID": "Procedure",
              "VOCABULARY_ID": "SNOMED",
              "CONCEPT_CLASS_ID": "Procedure"
            },
            "includeDescendants": true
          },
          {
            "concept": {
              "CONCEPT_ID": 4339629,
              "CONCEPT_NAME": "Coronary artery bypass grafts x 3",
              "STANDARD_CONCEPT": "S",
              "STANDARD_CONCEPT_CAPTION": "Standard",
              "INVALID_REASON": "V",
              "INVALID_REASON_CAPTION": "Valid",
              "CONCEPT_CODE": "232721002",
              "DOMAIN_ID": "Procedure",
              "VOCABULARY_ID": "SNOMED",
              "CONCEPT_CLASS_ID": "Procedure"
            },
            "includeDescendants": true
          },
          {
            "concept": {
              "CONCEPT_ID": 4337737,
              "CONCEPT_NAME": "Coronary artery bypass grafts x 4",
              "STANDARD_CONCEPT": "S",
              "STANDARD_CONCEPT_CAPTION": "Standard",
              "INVALID_REASON": "V",
              "INVALID_REASON_CAPTION": "Valid",
              "CONCEPT_CODE": "232722009",
              "DOMAIN_ID": "Procedure",
              "VOCABULARY_ID": "SNOMED",
              "CONCEPT_CLASS_ID": "Procedure"
            },
            "includeDescendants": true
          },
          {
            "concept": {
              "CONCEPT_ID": 4336466,
              "CONCEPT_NAME": "Coronary artery bypass grafts x 5",
              "STANDARD_CONCEPT": "S",
              "STANDARD_CONCEPT_CAPTION": "Standard",
              "INVALID_REASON": "V",
              "INVALID_REASON_CAPTION": "Valid",
              "CONCEPT_CODE": "232723004",
              "DOMAIN_ID": "Procedure",
              "VOCABULARY_ID": "SNOMED",
              "CONCEPT_CLASS_ID": "Procedure"
            },
            "includeDescendants": true
          },
          {
            "concept": {
              "CONCEPT_ID": 4233421,
              "CONCEPT_NAME": "Coronary artery bypass with autogenous graft of internal mammary artery, single graft",
              "STANDARD_CONCEPT": "S",
              "STANDARD_CONCEPT_CAPTION": "Standard",
              "INVALID_REASON": "V",
              "INVALID_REASON_CAPTION": "Valid",
              "CONCEPT_CODE": "359601003",
              "DOMAIN_ID": "Procedure",
              "VOCABULARY_ID": "SNOMED",
              "CONCEPT_CLASS_ID": "Procedure"
            },
            "includeDescendants": true
          },
          {
            "concept": {
              "CONCEPT_ID": 4305509,
              "CONCEPT_NAME": "Coronary artery bypass with autogenous graft, five grafts",
              "STANDARD_CONCEPT": "S",
              "STANDARD_CONCEPT_CAPTION": "Standard",
              "INVALID_REASON": "V",
              "INVALID_REASON_CAPTION": "Valid",
              "CONCEPT_CODE": "82247006",
              "DOMAIN_ID": "Procedure",
              "VOCABULARY_ID": "SNOMED",
              "CONCEPT_CLASS_ID": "Procedure"
            },
            "includeDescendants": true
          },
          {
            "concept": {
              "CONCEPT_ID": 4309432,
              "CONCEPT_NAME": "Coronary artery bypass with autogenous graft, four grafts",
              "STANDARD_CONCEPT": "S",
              "STANDARD_CONCEPT_CAPTION": "Standard",
              "INVALID_REASON": "V",
              "INVALID_REASON_CAPTION": "Valid",
              "CONCEPT_CODE": "39202005",
              "DOMAIN_ID": "Procedure",
              "VOCABULARY_ID": "SNOMED",
              "CONCEPT_CLASS_ID": "Procedure"
            },
            "includeDescendants": true
          },
          {
            "concept": {
              "CONCEPT_ID": 4011931,
              "CONCEPT_NAME": "Coronary artery bypass with autogenous graft, three grafts",
              "STANDARD_CONCEPT": "S",
              "STANDARD_CONCEPT_CAPTION": "Standard",
              "INVALID_REASON": "V",
              "INVALID_REASON_CAPTION": "Valid",
              "CONCEPT_CODE": "10326007",
              "DOMAIN_ID": "Procedure",
              "VOCABULARY_ID": "SNOMED",
              "CONCEPT_CLASS_ID": "Procedure"
            },
            "includeDescendants": true
          },
          {
            "concept": {
              "CONCEPT_ID": 4253805,
              "CONCEPT_NAME": "Coronary artery bypass with autogenous graft, two grafts",
              "STANDARD_CONCEPT": "S",
              "STANDARD_CONCEPT_CAPTION": "Standard",
              "INVALID_REASON": "V",
              "INVALID_REASON_CAPTION": "Valid",
              "CONCEPT_CODE": "74371005",
              "DOMAIN_ID": "Procedure",
              "VOCABULARY_ID": "SNOMED",
              "CONCEPT_CLASS_ID": "Procedure"
            },
            "includeDescendants": true
          },
          {
            "concept": {
              "CONCEPT_CLASS_ID": "CPT4 Hierarchy",
              "CONCEPT_CODE": "1006217",
              "CONCEPT_ID": 45887879,
              "CONCEPT_NAME": "Coronary artery bypass, using arterial graft(s)",
              "DOMAIN_ID": "Procedure",
              "INVALID_REASON": "V",
              "INVALID_REASON_CAPTION": "Valid",
              "STANDARD_CONCEPT": "C",
              "STANDARD_CONCEPT_CAPTION": "Classification",
              "VOCABULARY_ID": "CPT4"
            },
            "includeDescendants": true
          },
          {
            "concept": {
              "CONCEPT_CLASS_ID": "CPT4",
              "CONCEPT_CODE": "33534",
              "CONCEPT_ID": 2107242,
              "CONCEPT_NAME": "Coronary artery bypass, using arterial graft(s); 2 coronary arterial grafts",
              "DOMAIN_ID": "Procedure",
              "INVALID_REASON": "V",
              "INVALID_REASON_CAPTION": "Valid",
              "STANDARD_CONCEPT": "S",
              "STANDARD_CONCEPT_CAPTION": "Standard",
              "VOCABULARY_ID": "CPT4"
            },
            "includeDescendants": true
          },
          {
            "concept": {
              "CONCEPT_CLASS_ID": "CPT4",
              "CONCEPT_CODE": "33535",
              "CONCEPT_ID": 2107243,
              "CONCEPT_NAME": "Coronary artery bypass, using arterial graft(s); 3 coronary arterial grafts",
              "DOMAIN_ID": "Procedure",
              "INVALID_REASON": "V",
              "INVALID_REASON_CAPTION": "Valid",
              "STANDARD_CONCEPT": "S",
              "STANDARD_CONCEPT_CAPTION": "Standard",
              "VOCABULARY_ID": "CPT4"
            },
            "includeDescendants": true
          },
          {
            "concept": {
              "CONCEPT_CLASS_ID": "CPT4",
              "CONCEPT_CODE": "33536",
              "CONCEPT_ID": 2107244,
              "CONCEPT_NAME": "Coronary artery bypass, using arterial graft(s); 4 or more coronary arterial grafts",
              "DOMAIN_ID": "Procedure",
              "INVALID_REASON": "V",
              "INVALID_REASON_CAPTION": "Valid",
              "STANDARD_CONCEPT": "S",
              "STANDARD_CONCEPT_CAPTION": "Standard",
              "VOCABULARY_ID": "CPT4"
            },
            "includeDescendants": true
          },
          {
            "concept": {
              "CONCEPT_CLASS_ID": "CPT4",
              "CONCEPT_CODE": "33533",
              "CONCEPT_ID": 2107231,
              "CONCEPT_NAME": "Coronary artery bypass, using arterial graft(s); single arterial graft",
              "DOMAIN_ID": "Procedure",
              "INVALID_REASON": "V",
              "INVALID_REASON_CAPTION": "Valid",
              "STANDARD_CONCEPT": "S",
              "STANDARD_CONCEPT_CAPTION": "Standard",
              "VOCABULARY_ID": "CPT4"
            },
            "includeDescendants": true
          },
          {
            "concept": {
              "CONCEPT_CLASS_ID": "CPT4 Hierarchy",
              "CONCEPT_CODE": "1006208",
              "CONCEPT_ID": 45889898,
              "CONCEPT_NAME": "Coronary artery bypass, using venous graft(s) and arterial graft(s)",
              "DOMAIN_ID": "Procedure",
              "INVALID_REASON": "V",
              "INVALID_REASON_CAPTION": "Valid",
              "STANDARD_CONCEPT": "C",
              "STANDARD_CONCEPT_CAPTION": "Classification",
              "VOCABULARY_ID": "CPT4"
            },
            "includeDescendants": true
          },
          {
            "concept": {
              "CONCEPT_CLASS_ID": "CPT4",
              "CONCEPT_CODE": "33518",
              "CONCEPT_ID": 2107223,
              "CONCEPT_NAME": "Coronary artery bypass, using venous graft(s) and arterial graft(s); 2 venous grafts (List separately in addition to code for primary procedure)",
              "DOMAIN_ID": "Procedure",
              "INVALID_REASON": "V",
              "INVALID_REASON_CAPTION": "Valid",
              "STANDARD_CONCEPT": "S",
              "STANDARD_CONCEPT_CAPTION": "Standard",
              "VOCABULARY_ID": "CPT4"
            },
            "includeDescendants": true
          },
          {
            "concept": {
              "CONCEPT_CLASS_ID": "CPT4",
              "CONCEPT_CODE": "33519",
              "CONCEPT_ID": 2107224,
              "CONCEPT_NAME": "Coronary artery bypass, using venous graft(s) and arterial graft(s); 3 venous grafts (List separately in addition to code for primary procedure)",
              "DOMAIN_ID": "Procedure",
              "INVALID_REASON": "V",
              "INVALID_REASON_CAPTION": "Valid",
              "STANDARD_CONCEPT": "S",
              "STANDARD_CONCEPT_CAPTION": "Standard",
              "VOCABULARY_ID": "CPT4"
            },
            "includeDescendants": true
          },
          {
            "concept": {
              "CONCEPT_CLASS_ID": "CPT4",
              "CONCEPT_CODE": "33521",
              "CONCEPT_ID": 2107226,
              "CONCEPT_NAME": "Coronary artery bypass, using venous graft(s) and arterial graft(s); 4 venous grafts (List separately in addition to code for primary procedure)",
              "DOMAIN_ID": "Procedure",
              "INVALID_REASON": "V",
              "INVALID_REASON_CAPTION": "Valid",
              "STANDARD_CONCEPT": "S",
              "STANDARD_CONCEPT_CAPTION": "Standard",
              "VOCABULARY_ID": "CPT4"
            },
            "includeDescendants": true
          },
          {
            "concept": {
              "CONCEPT_CLASS_ID": "CPT4",
              "CONCEPT_CODE": "33522",
              "CONCEPT_ID": 2107227,
              "CONCEPT_NAME": "Coronary artery bypass, using venous graft(s) and arterial graft(s); 5 venous grafts (List separately in addition to code for primary procedure)",
              "DOMAIN_ID": "Procedure",
              "INVALID_REASON": "V",
              "INVALID_REASON_CAPTION": "Valid",
              "STANDARD_CONCEPT": "S",
              "STANDARD_CONCEPT_CAPTION": "Standard",
              "VOCABULARY_ID": "CPT4"
            },
            "includeDescendants": true
          },
          {
            "concept": {
              "CONCEPT_CLASS_ID": "CPT4",
              "CONCEPT_CODE": "33523",
              "CONCEPT_ID": 2107228,
              "CONCEPT_NAME": "Coronary artery bypass, using venous graft(s) and arterial graft(s); 6 or more venous grafts (List separately in addition to code for primary procedure)",
              "DOMAIN_ID": "Procedure",
              "INVALID_REASON": "V",
              "INVALID_REASON_CAPTION": "Valid",
              "STANDARD_CONCEPT": "S",
              "STANDARD_CONCEPT_CAPTION": "Standard",
              "VOCABULARY_ID": "CPT4"
            },
            "includeDescendants": true
          },
          {
            "concept": {
              "CONCEPT_CLASS_ID": "CPT4",
              "CONCEPT_CODE": "33517",
              "CONCEPT_ID": 2107222,
              "CONCEPT_NAME": "Coronary artery bypass, using venous graft(s) and arterial graft(s); single vein graft (List separately in addition to code for primary procedure)",
              "DOMAIN_ID": "Procedure",
              "INVALID_REASON": "V",
              "INVALID_REASON_CAPTION": "Valid",
              "STANDARD_CONCEPT": "S",
              "STANDARD_CONCEPT_CAPTION": "Standard",
              "VOCABULARY_ID": "CPT4"
            },
            "includeDescendants": true
          },
          {
            "concept": {
              "CONCEPT_CLASS_ID": "CPT4 Hierarchy",
              "CONCEPT_CODE": "1006200",
              "CONCEPT_ID": 45887862,
              "CONCEPT_NAME": "Coronary artery bypass, vein only",
              "DOMAIN_ID": "Procedure",
              "INVALID_REASON": "V",
              "INVALID_REASON_CAPTION": "Valid",
              "STANDARD_CONCEPT": "C",
              "STANDARD_CONCEPT_CAPTION": "Classification",
              "VOCABULARY_ID": "CPT4"
            },
            "includeDescendants": true
          },
          {
            "concept": {
              "CONCEPT_CLASS_ID": "CPT4",
              "CONCEPT_CODE": "33511",
              "CONCEPT_ID": 2107217,
              "CONCEPT_NAME": "Coronary artery bypass, vein only; 2 coronary venous grafts",
              "DOMAIN_ID": "Procedure",
              "INVALID_REASON": "V",
              "INVALID_REASON_CAPTION": "Valid",
              "STANDARD_CONCEPT": "S",
              "STANDARD_CONCEPT_CAPTION": "Standard",
              "VOCABULARY_ID": "CPT4"
            },
            "includeDescendants": true
          },
          {
            "concept": {
              "CONCEPT_CLASS_ID": "CPT4",
              "CONCEPT_CODE": "33512",
              "CONCEPT_ID": 2107218,
              "CONCEPT_NAME": "Coronary artery bypass, vein only; 3 coronary venous grafts",
              "DOMAIN_ID": "Procedure",
              "INVALID_REASON": "V",
              "INVALID_REASON_CAPTION": "Valid",
              "STANDARD_CONCEPT": "S",
              "STANDARD_CONCEPT_CAPTION": "Standard",
              "VOCABULARY_ID": "CPT4"
            },
            "includeDescendants": true
          },
          {
            "concept": {
              "CONCEPT_CLASS_ID": "CPT4",
              "CONCEPT_CODE": "33513",
              "CONCEPT_ID": 2107219,
              "CONCEPT_NAME": "Coronary artery bypass, vein only; 4 coronary venous grafts",
              "DOMAIN_ID": "Procedure",
              "INVALID_REASON": "V",
              "INVALID_REASON_CAPTION": "Valid",
              "STANDARD_CONCEPT": "S",
              "STANDARD_CONCEPT_CAPTION": "Standard",
              "VOCABULARY_ID": "CPT4"
            },
            "includeDescendants": true
          },
          {
            "concept": {
              "CONCEPT_CLASS_ID": "CPT4",
              "CONCEPT_CODE": "33514",
              "CONCEPT_ID": 2107220,
              "CONCEPT_NAME": "Coronary artery bypass, vein only; 5 coronary venous grafts",
              "DOMAIN_ID": "Procedure",
              "INVALID_REASON": "V",
              "INVALID_REASON_CAPTION": "Valid",
              "STANDARD_CONCEPT": "S",
              "STANDARD_CONCEPT_CAPTION": "Standard",
              "VOCABULARY_ID": "CPT4"
            },
            "includeDescendants": true
          },
          {
            "concept": {
              "CONCEPT_CLASS_ID": "CPT4",
              "CONCEPT_CODE": "33516",
              "CONCEPT_ID": 2107221,
              "CONCEPT_NAME": "Coronary artery bypass, vein only; 6 or more coronary venous grafts",
              "DOMAIN_ID": "Procedure",
              "INVALID_REASON": "V",
              "INVALID_REASON_CAPTION": "Valid",
              "STANDARD_CONCEPT": "S",
              "STANDARD_CONCEPT_CAPTION": "Standard",
              "VOCABULARY_ID": "CPT4"
            },
            "includeDescendants": true
          },
          {
            "concept": {
              "CONCEPT_CLASS_ID": "CPT4",
              "CONCEPT_CODE": "33510",
              "CONCEPT_ID": 2107216,
              "CONCEPT_NAME": "Coronary artery bypass, vein only; single coronary venous graft",
              "DOMAIN_ID": "Procedure",
              "INVALID_REASON": "V",
              "INVALID_REASON_CAPTION": "Valid",
              "STANDARD_CONCEPT": "S",
              "STANDARD_CONCEPT_CAPTION": "Standard",
              "VOCABULARY_ID": "CPT4"
            },
            "includeDescendants": true
          },
          {
            "concept": {
              "CONCEPT_ID": 2001515,
              "CONCEPT_NAME": "Double internal mammary-coronary artery bypass",
              "STANDARD_CONCEPT": "N",
              "STANDARD_CONCEPT_CAPTION": "Non-Standard",
              "INVALID_REASON": "V",
              "INVALID_REASON_CAPTION": "Valid",
              "CONCEPT_CODE": "36.16",
              "DOMAIN_ID": "Procedure",
              "VOCABULARY_ID": "ICD9Proc",
              "CONCEPT_CLASS_ID": "4-dig billing code"
            },
            "includeDescendants": true
          },
          {
            "concept": {
              "CONCEPT_ID": 4000732,
              "CONCEPT_NAME": "Internal mammary-coronary artery bypass graft",
              "STANDARD_CONCEPT": "S",
              "STANDARD_CONCEPT_CAPTION": "Standard",
              "INVALID_REASON": "V",
              "INVALID_REASON_CAPTION": "Valid",
              "CONCEPT_CODE": "119564002",
              "DOMAIN_ID": "Procedure",
              "VOCABULARY_ID": "SNOMED",
              "CONCEPT_CLASS_ID": "Procedure"
            },
            "includeDescendants": true
          },
          {
            "concept": {
              "CONCEPT_ID": 4305852,
              "CONCEPT_NAME": "Off-pump coronary artery bypass",
              "STANDARD_CONCEPT": "S",
              "STANDARD_CONCEPT_CAPTION": "Standard",
              "INVALID_REASON": "V",
              "INVALID_REASON_CAPTION": "Valid",
              "CONCEPT_CODE": "418824004",
              "DOMAIN_ID": "Procedure",
              "VOCABULARY_ID": "SNOMED",
              "CONCEPT_CLASS_ID": "Procedure"
            }
          },
          {
            "concept": {
              "CONCEPT_ID": 4020216,
              "CONCEPT_NAME": "Revision of bypass for coronary artery",
              "STANDARD_CONCEPT": "S",
              "STANDARD_CONCEPT_CAPTION": "Standard",
              "INVALID_REASON": "V",
              "INVALID_REASON_CAPTION": "Valid",
              "CONCEPT_CODE": "175036008",
              "DOMAIN_ID": "Procedure",
              "VOCABULARY_ID": "SNOMED",
              "CONCEPT_CLASS_ID": "Procedure"
            }
          },
          {
            "concept": {
              "CONCEPT_ID": 4233420,
              "CONCEPT_NAME": "Single internal mammary-coronary artery bypass",
              "STANDARD_CONCEPT": "S",
              "STANDARD_CONCEPT_CAPTION": "Standard",
              "INVALID_REASON": "V",
              "INVALID_REASON_CAPTION": "Valid",
              "CONCEPT_CODE": "359597003",
              "DOMAIN_ID": "Procedure",
              "VOCABULARY_ID": "SNOMED",
              "CONCEPT_CLASS_ID": "Procedure"
            },
            "includeDescendants": true
          },
          {
            "concept": {
              "CONCEPT_ID": 2001514,
              "CONCEPT_NAME": "Single internal mammary-coronary artery bypass",
              "STANDARD_CONCEPT": "N",
              "STANDARD_CONCEPT_CAPTION": "Non-Standard",
              "INVALID_REASON": "V",
              "INVALID_REASON_CAPTION": "Valid",
              "CONCEPT_CODE": "36.15",
              "DOMAIN_ID": "Procedure",
              "VOCABULARY_ID": "ICD9Proc",
              "CONCEPT_CLASS_ID": "4-dig billing code"
            },
            "includeDescendants": true
          },
          {
            "concept": {
              "CONCEPT_CLASS_ID": "CPT4 Hierarchy",
              "CONCEPT_CODE": "1006199",
              "CONCEPT_ID": 45889467,
              "CONCEPT_NAME": "Venous Grafting Only for Coronary Artery Bypass",
              "DOMAIN_ID": "Procedure",
              "INVALID_REASON": "V",
              "INVALID_REASON_CAPTION": "Valid",
              "STANDARD_CONCEPT": "C",
              "STANDARD_CONCEPT_CAPTION": "Classification",
              "VOCABULARY_ID": "CPT4"
            },
            "includeDescendants": true
          }
        ]
      }
    },
    {
      "id": 8,
      "name": "[OCOH] gender identity disorder",
      "expression": {
        "items": [
          {
            "concept": {
              "CONCEPT_ID": 4338512,
              "CONCEPT_NAME": "Gender identity disorder",
              "STANDARD_CONCEPT": "S",
              "STANDARD_CONCEPT_CAPTION": "Standard",
              "INVALID_REASON": "V",
              "INVALID_REASON_CAPTION": "Valid",
              "CONCEPT_CODE": "87991007",
              "DOMAIN_ID": "Condition",
              "VOCABULARY_ID": "SNOMED",
              "CONCEPT_CLASS_ID": "Clinical Finding"
            },
            "includeDescendants": true
          },
          {
            "concept": {
              "CONCEPT_ID": 35207226,
              "CONCEPT_NAME": "Gender identity disorder of childhood",
              "STANDARD_CONCEPT": "N",
              "STANDARD_CONCEPT_CAPTION": "Non-Standard",
              "INVALID_REASON": "V",
              "INVALID_REASON_CAPTION": "Valid",
              "CONCEPT_CODE": "F64.2",
              "DOMAIN_ID": "Condition",
              "VOCABULARY_ID": "ICD10CM",
              "CONCEPT_CLASS_ID": "4-char billing code"
            },
            "includeDescendants": true
          },
          {
            "concept": {
              "CONCEPT_ID": 35207228,
              "CONCEPT_NAME": "Gender identity disorder, unspecified",
              "STANDARD_CONCEPT": "N",
              "STANDARD_CONCEPT_CAPTION": "Non-Standard",
              "INVALID_REASON": "V",
              "INVALID_REASON_CAPTION": "Valid",
              "CONCEPT_CODE": "F64.9",
              "DOMAIN_ID": "Condition",
              "VOCABULARY_ID": "ICD10CM",
              "CONCEPT_CLASS_ID": "4-char billing code"
            },
            "includeDescendants": true
          },
          {
            "concept": {
              "CONCEPT_ID": 35207227,
              "CONCEPT_NAME": "Other gender identity disorders",
              "STANDARD_CONCEPT": "N",
              "STANDARD_CONCEPT_CAPTION": "Non-Standard",
              "INVALID_REASON": "V",
              "INVALID_REASON_CAPTION": "Valid",
              "CONCEPT_CODE": "F64.8",
              "DOMAIN_ID": "Condition",
              "VOCABULARY_ID": "ICD10CM",
              "CONCEPT_CLASS_ID": "4-char billing code"
            },
            "includeDescendants": true
          }
        ]
      }
    },
    {
      "id": 9,
      "name": "[OCOH] transgender - condition",
      "expression": {
        "items": [
          {
            "concept": {
              "CONCEPT_ID": 45613639,
              "CONCEPT_NAME": "Transgendered Persons",
              "STANDARD_CONCEPT": "N",
              "STANDARD_CONCEPT_CAPTION": "Non-Standard",
              "INVALID_REASON": "D",
              "INVALID_REASON_CAPTION": "Invalid",
              "CONCEPT_CODE": "D063106",
              "DOMAIN_ID": "Condition",
              "VOCABULARY_ID": "MeSH",
              "CONCEPT_CLASS_ID": "Condition"
            },
            "includeDescendants": true
          },
          {
            "concept": {
              "CONCEPT_ID": 4231241,
              "CONCEPT_NAME": "Transsexual",
              "STANDARD_CONCEPT": "S",
              "STANDARD_CONCEPT_CAPTION": "Standard",
              "INVALID_REASON": "V",
              "INVALID_REASON_CAPTION": "Valid",
              "CONCEPT_CODE": "407374003",
              "DOMAIN_ID": "Condition",
              "VOCABULARY_ID": "SNOMED",
              "CONCEPT_CLASS_ID": "Clinical Finding"
            },
            "includeDescendants": true
          },
          {
            "concept": {
              "CONCEPT_ID": 37200330,
              "CONCEPT_NAME": "Transsexualism",
              "STANDARD_CONCEPT": "N",
              "STANDARD_CONCEPT_CAPTION": "Non-Standard",
              "INVALID_REASON": "V",
              "INVALID_REASON_CAPTION": "Valid",
              "CONCEPT_CODE": "F64.0",
              "DOMAIN_ID": "Condition",
              "VOCABULARY_ID": "ICD10CM",
              "CONCEPT_CLASS_ID": "4-char billing code"
            },
            "includeDescendants": true
          }
        ]
      }
    }
  ],
  "PrimaryCriteria": {
    "CriteriaList": [
      {
        "ConditionOccurrence": {
          "CodesetId": 0
        }
      },
      {
        "ConditionOccurrence": {
          "CodesetId": 2
        }
      },
      {
        "ConditionOccurrence": {
          "CodesetId": 3
        }
      },
      {
        "ConditionOccurrence": {
          "CodesetId": 4
        }
      },
      {
        "ConditionOccurrence": {
          "CodesetId": 5
        }
      },
      {
        "Observation": {
          "CodesetId": 3
        }
      },
      {
        "Observation": {
          "CodesetId": 0
        }
      },
      {
        "ProcedureOccurrence": {
          "CodesetId": 1
        }
      },
      {
        "ProcedureOccurrence": {
          "CodesetId": 6
        }
      }
    ],
    "ObservationWindow": {
      "PriorDays": 0,
      "PostDays": 0
    },
    "PrimaryCriteriaLimit": {
      "Type": "First"
    }
  },
  "QualifiedLimit": {
    "Type": "First"
  },
  "ExpressionLimit": {
    "Type": "All"
  },
  "InclusionRules": [
    {
      "name": "gender identity disorder or transgender",
      "expression": {
        "Type": "ANY",
        "CriteriaList": [
          {
            "Criteria": {
              "ConditionOccurrence": {
                "CodesetId": 8
              }
            },
            "StartWindow": {
              "Start": {
                "Coeff": -1
              },
              "End": {
                "Coeff": 1
              },
              "UseEventEnd": false
            },
            "Occurrence": {
              "Type": 2,
              "Count": 1
            }
          },
          {
            "Criteria": {
              "ConditionOccurrence": {
                "CodesetId": 9
              }
            },
            "StartWindow": {
              "Start": {
                "Coeff": -1
              },
              "End": {
                "Coeff": 1
              },
              "UseEventEnd": false
            },
            "Occurrence": {
              "Type": 2,
              "Count": 1
            }
          }
        ],
        "DemographicCriteriaList": [],
        "Groups": []
      }
    }
  ],
  "CensoringCriteria": [],
  "CollapseSettings": {
    "CollapseType": "ERA",
    "EraPad": 0
  },
  "CensorWindow": {},
  "cdmVersionRange": ">=5.0.0"
}